employee_id,cost_center,punch_in_time,punch_out_time,punch_apply_date,hours_worked,paycode
1377208,53410,,,2021-04-23,1,CHARGE
1377208,53410,2021-04-23 14:10:00,2021-04-23 18:45:00,2021-04-23,4.6,WRK
1377208,53410,,,2021-04-23,0.7,BREAK
1377208,53410,2021-04-23 19:24:00,2021-04-23 22:10:00,2021-04-23,2.8,WRK
1672200,11151,,,2021-04-23,5,ON_CALL
1672200,11151,2021-04-23 6:12:00,2021-04-23 9:12:00,2021-04-23,3,WRK
1977006,54013,,,2021-04-23,8,ABSENT
3974506,31288,,,2021-04-23,8,ABSENT
4019778,54013,2021-04-23 6:05:00,2021-04-23 9:44:00,2021-04-23,3.7,WRK
4019778,54013,,,2021-04-23,0.8,BREAK
4019778,54013,2021-04-23 10:32:00,2021-04-23 14:05:00,2021-04-23,3.5,WRK
4024378,55050,2021-04-23 14:14:00,2021-04-23 16:52:00,2021-04-23,2.6,WRK
4024378,55050,,,2021-04-23,0.9,BREAK
4024378,55050,2021-04-23 17:45:00,2021-04-23 22:14:00,2021-04-23,4.5,WRK
5001188,54013,,,2021-04-23,5,ON_CALL
5001188,54013,2021-04-23 14:19:00,2021-04-23 17:19:00,2021-04-23,3,WRK
5001252,53410,,,2021-04-23,7,ON_CALL
5001252,53410,2021-04-23 14:17:00,2021-04-23 15:17:00,2021-04-23,1,WRK
5005963,51120,,,2021-04-23,8,ABSENT
5009770,51100,,,2021-04-23,8,ABSENT
5010823,53410,,,2021-04-23,8,ABSENT
5010831,55050,,,2021-04-23,7,ON_CALL
5010831,55050,2021-04-23 14:10:00,2021-04-23 15:10:00,2021-04-23,1,WRK
5010836,55050,,,2021-04-23,6,ON_CALL
5010836,55050,2021-04-23 6:15:00,2021-04-23 8:15:00,2021-04-23,2,WRK
5011015,55050,,,2021-04-23,6,ON_CALL
5011015,55050,2021-04-23 14:08:00,2021-04-23 16:08:00,2021-04-23,2,WRK
5011018,51100,,,2021-04-23,6,ON_CALL
5011018,51100,2021-04-23 14:10:00,2021-04-23 16:10:00,2021-04-23,2,WRK
5011060,55050,,,2021-04-23,8,ABSENT
5011105,11151,,,2021-04-23,2,CHARGE
5011105,11151,2021-04-23 14:14:00,2021-04-23 16:45:00,2021-04-23,2.5,WRK
5011105,11151,,,2021-04-23,0.6,BREAK
5011105,11151,2021-04-23 17:23:00,2021-04-23 22:14:00,2021-04-23,4.8,WRK
5011401,55050,2021-04-23 6:19:00,2021-04-23 8:56:00,2021-04-23,2.6,WRK
5011401,55050,,,2021-04-23,0.7,BREAK
5011401,55050,2021-04-23 9:36:00,2021-04-23 14:19:00,2021-04-23,4.7,WRK
5011499,31288,2021-04-23 6:09:00,2021-04-23 8:58:00,2021-04-23,2.8,WRK
5011499,31288,,,2021-04-23,0.7,BREAK
5011499,31288,2021-04-23 9:42:00,2021-04-23 14:09:00,2021-04-23,4.5,WRK
5011633,53410,,,2021-04-23,6,ON_CALL
5011633,53410,2021-04-23 14:19:00,2021-04-23 16:19:00,2021-04-23,2,WRK
5012159,51120,,,2021-04-23,5,ON_CALL
5012159,51120,2021-04-23 14:09:00,2021-04-23 17:09:00,2021-04-23,3,WRK
5012163,31288,,,2021-04-23,6,ON_CALL
5012163,31288,2021-04-23 14:09:00,2021-04-23 16:09:00,2021-04-23,2,WRK
5012165,31288,,,2021-04-23,5,ON_CALL
5012165,31288,2021-04-23 14:10:00,2021-04-23 17:10:00,2021-04-23,3,WRK
5012329,18048,,,2021-04-23,6,ON_CALL
5012329,18048,2021-04-23 14:06:00,2021-04-23 16:06:00,2021-04-23,2,WRK
1672200,11151,,,2021-04-24,8,ABSENT
4019778,54013,,,2021-04-24,8,ABSENT
4024378,55050,,,2021-04-24,7,ON_CALL
4024378,55050,2021-04-24 14:11:00,2021-04-24 15:11:00,2021-04-24,1,WRK
5001188,54013,,,2021-04-24,8,ABSENT
5001252,53410,,,2021-04-24,8,ABSENT
5005963,51120,,,2021-04-24,8,ABSENT
5010823,53410,,,2021-04-24,8,ABSENT
5010831,55050,,,2021-04-24,1,CHARGE
5010831,55050,2021-04-24 14:00:00,2021-04-24 19:50:00,2021-04-24,5.8,WRK
5010831,55050,,,2021-04-24,0.8,BREAK
5010831,55050,2021-04-24 20:36:00,2021-04-24 22:00:00,2021-04-24,1.4,WRK
5010836,55050,,,2021-04-24,8,ABSENT
5011015,55050,,,2021-04-24,8,ABSENT
5011018,51100,,,2021-04-24,8,ABSENT
5011060,55050,,,2021-04-24,1,CHARGE
5011060,55050,2021-04-24 6:11:00,2021-04-24 9:42:00,2021-04-24,3.5,WRK
5011060,55050,,,2021-04-24,0.7,BREAK
5011060,55050,2021-04-24 10:26:00,2021-04-24 14:11:00,2021-04-24,3.8,WRK
5011105,11151,,,2021-04-24,8,ABSENT
5011110,31288,,,2021-04-24,8,ABSENT
5011147,51120,,,2021-04-24,5,ON_CALL
5011147,51120,2021-04-24 14:03:00,2021-04-24 17:03:00,2021-04-24,3,WRK
5011401,55050,,,2021-04-24,8,ABSENT
5011499,31288,,,2021-04-24,8,ABSENT
5011633,53410,2021-04-24 6:17:00,2021-04-24 8:49:00,2021-04-24,2.5,WRK
5011633,53410,,,2021-04-24,1,BREAK
5011633,53410,2021-04-24 9:48:00,2021-04-24 14:17:00,2021-04-24,4.5,WRK
5012159,51120,,,2021-04-24,5,ON_CALL
5012159,51120,2021-04-24 6:10:00,2021-04-24 9:10:00,2021-04-24,3,WRK
5012163,31288,,,2021-04-24,8,ABSENT
5012165,31288,2021-04-24 6:14:00,2021-04-24 10:49:00,2021-04-24,4.6,WRK
5012165,31288,,,2021-04-24,1,BREAK
5012165,31288,2021-04-24 11:49:00,2021-04-24 14:14:00,2021-04-24,2.4,WRK
5012319,31288,,,2021-04-24,8,ABSENT
5014147,11151,,,2021-04-24,2,CHARGE
5014147,11151,2021-04-24 14:07:00,2021-04-24 19:55:00,2021-04-24,5.8,WRK
5014147,11151,,,2021-04-24,0.9,BREAK
5014147,11151,2021-04-24 20:51:00,2021-04-24 22:07:00,2021-04-24,1.3,WRK
507800,51100,2021-04-24 6:02:00,2021-04-24 9:51:00,2021-04-24,3.8,WRK
507800,51100,,,2021-04-24,0.7,BREAK
507800,51100,2021-04-24 10:33:00,2021-04-24 14:02:00,2021-04-24,3.5,WRK
1377208,53410,,,2021-04-25,8,ABSENT
1672200,11151,,,2021-04-25,8,ABSENT
3974506,31288,,,2021-04-25,8,ABSENT
4019778,54013,,,2021-04-25,8,ABSENT
5001188,54013,,,2021-04-25,8,ABSENT
5001252,53410,2021-04-25 14:14:00,2021-04-25 17:51:00,2021-04-25,3.6,WRK
5001252,53410,,,2021-04-25,0.8,BREAK
5001252,53410,2021-04-25 18:40:00,2021-04-25 22:14:00,2021-04-25,3.6,WRK
5005963,51120,,,2021-04-25,8,ABSENT
5009770,51100,,,2021-04-25,8,ABSENT
5010823,53410,,,2021-04-25,7,ON_CALL
5010823,53410,2021-04-25 14:17:00,2021-04-25 15:17:00,2021-04-25,1,WRK
5010831,55050,,,2021-04-25,8,ON_CALL
5010836,55050,,,2021-04-25,8,ON_CALL
5011015,55050,,,2021-04-25,8,ABSENT
5011018,51100,,,2021-04-25,8,ABSENT
5011060,55050,,,2021-04-25,8,ABSENT
5011105,11151,,,2021-04-25,8,ABSENT
5011110,31288,,,2021-04-25,8,ABSENT
5011499,31288,,,2021-04-25,8,ABSENT
5011633,53410,,,2021-04-25,7,ON_CALL
5011633,53410,2021-04-25 6:12:00,2021-04-25 7:12:00,2021-04-25,1,WRK
5012159,51120,,,2021-04-25,8,ABSENT
5012163,31288,,,2021-04-25,8,ABSENT
5012165,31288,,,2021-04-25,8,ABSENT
5012319,31288,2021-04-25 6:17:00,2021-04-25 11:58:00,2021-04-25,5.7,WRK
5012319,31288,,,2021-04-25,0.9,BREAK
5012319,31288,2021-04-25 12:51:00,2021-04-25 14:17:00,2021-04-25,1.4,WRK
5012329,18048,,,2021-04-25,8,ABSENT
507800,51100,,,2021-04-25,2,CHARGE
507800,51100,2021-04-25 14:13:00,2021-04-25 18:58:00,2021-04-25,4.8,WRK
507800,51100,,,2021-04-25,1,BREAK
507800,51100,2021-04-25 19:56:00,2021-04-25 22:13:00,2021-04-25,2.3,WRK
1977006,54013,2021-04-26 14:05:00,2021-04-26 19:41:00,2021-04-26,5.6,WRK
1977006,54013,,,2021-04-26,0.6,BREAK
1977006,54013,2021-04-26 20:14:00,2021-04-26 22:05:00,2021-04-26,1.9,WRK
4019778,54013,,,2021-04-26,3,CHARGE
4019778,54013,2021-04-26 14:06:00,2021-04-26 19:41:00,2021-04-26,5.6,WRK
4019778,54013,,,2021-04-26,0.9,BREAK
4019778,54013,2021-04-26 20:34:00,2021-04-26 22:06:00,2021-04-26,1.5,WRK
4024378,55050,,,2021-04-26,8,ABSENT
5001188,54013,,,2021-04-26,5,ON_CALL
5001188,54013,2021-04-26 14:07:00,2021-04-26 17:07:00,2021-04-26,3,WRK
5005963,51120,,,2021-04-26,2,CHARGE
5005963,51120,2021-04-26 6:05:00,2021-04-26 8:50:00,2021-04-26,2.8,WRK
5005963,51120,,,2021-04-26,0.7,BREAK
5005963,51120,2021-04-26 9:31:00,2021-04-26 14:05:00,2021-04-26,4.6,WRK
5009770,51100,2021-04-26 6:07:00,2021-04-26 9:52:00,2021-04-26,3.8,WRK
5009770,51100,,,2021-04-26,0.6,BREAK
5009770,51100,2021-04-26 10:27:00,2021-04-26 14:07:00,2021-04-26,3.7,WRK
5010823,53410,,,2021-04-26,1,CHARGE
5010823,53410,2021-04-26 14:18:00,2021-04-26 20:08:00,2021-04-26,5.8,WRK
5010823,53410,,,2021-04-26,0.6,BREAK
5010823,53410,2021-04-26 20:45:00,2021-04-26 22:18:00,2021-04-26,1.6,WRK
5010831,55050,,,2021-04-26,7,ON_CALL
5010831,55050,2021-04-26 14:19:00,2021-04-26 15:19:00,2021-04-26,1,WRK
5010836,55050,,,2021-04-26,8,ABSENT
5011015,55050,,,2021-04-26,3,CHARGE
5011015,55050,2021-04-26 14:03:00,2021-04-26 19:35:00,2021-04-26,5.5,WRK
5011015,55050,,,2021-04-26,0.9,BREAK
5011015,55050,2021-04-26 20:27:00,2021-04-26 22:03:00,2021-04-26,1.6,WRK
5011018,51100,,,2021-04-26,8,ABSENT
5011060,55050,,,2021-04-26,8,ABSENT
5011105,11151,,,2021-04-26,8,ABSENT
5011110,31288,,,2021-04-26,5,ON_CALL
5011110,31288,2021-04-26 6:15:00,2021-04-26 9:15:00,2021-04-26,3,WRK
5011147,51120,,,2021-04-26,8,ABSENT
5011401,55050,,,2021-04-26,8,ABSENT
5011499,31288,,,2021-04-26,2,CHARGE
5011499,31288,2021-04-26 14:09:00,2021-04-26 18:56:00,2021-04-26,4.8,WRK
5011499,31288,,,2021-04-26,0.5,BREAK
5011499,31288,2021-04-26 19:28:00,2021-04-26 22:09:00,2021-04-26,2.7,WRK
5011633,53410,,,2021-04-26,8,ABSENT
5012159,51120,2021-04-26 6:16:00,2021-04-26 11:54:00,2021-04-26,5.6,WRK
5012159,51120,,,2021-04-26,0.7,BREAK
5012159,51120,2021-04-26 12:35:00,2021-04-26 14:16:00,2021-04-26,1.7,WRK
5012163,31288,,,2021-04-26,2,CHARGE
5012163,31288,2021-04-26 6:12:00,2021-04-26 10:58:00,2021-04-26,4.8,WRK
5012163,31288,,,2021-04-26,0.6,BREAK
5012163,31288,2021-04-26 11:35:00,2021-04-26 14:12:00,2021-04-26,2.6,WRK
5012165,31288,,,2021-04-26,2,CHARGE
5012165,31288,2021-04-26 6:00:00,2021-04-26 9:50:00,2021-04-26,3.8,WRK
5012165,31288,,,2021-04-26,0.9,BREAK
5012165,31288,2021-04-26 10:45:00,2021-04-26 14:00:00,2021-04-26,3.2,WRK
5012319,31288,,,2021-04-26,8,ABSENT
5014147,11151,,,2021-04-26,8,ABSENT
507800,51100,,,2021-04-26,2,CHARGE
507800,51100,2021-04-26 6:04:00,2021-04-26 11:42:00,2021-04-26,5.6,WRK
507800,51100,,,2021-04-26,0.6,BREAK
507800,51100,2021-04-26 12:20:00,2021-04-26 14:04:00,2021-04-26,1.7,WRK
1377208,53410,,,2021-04-27,8,ABSENT
1977006,54013,,,2021-04-27,8,ON_CALL
3974506,31288,2021-04-27 14:15:00,2021-04-27 17:59:00,2021-04-27,3.7,WRK
3974506,31288,,,2021-04-27,0.7,BREAK
3974506,31288,2021-04-27 18:38:00,2021-04-27 22:15:00,2021-04-27,3.6,WRK
4019778,54013,,,2021-04-27,6,ON_CALL
4019778,54013,2021-04-27 14:10:00,2021-04-27 16:10:00,2021-04-27,2,WRK
5001188,54013,,,2021-04-27,6,ON_CALL
5001188,54013,2021-04-27 14:15:00,2021-04-27 16:15:00,2021-04-27,2,WRK
5001252,53410,,,2021-04-27,8,ON_CALL
5005963,51120,,,2021-04-27,8,ABSENT
5009770,51100,,,2021-04-27,2,CHARGE
5009770,51100,2021-04-27 14:06:00,2021-04-27 17:42:00,2021-04-27,3.6,WRK
5009770,51100,,,2021-04-27,0.6,BREAK
5009770,51100,2021-04-27 18:15:00,2021-04-27 22:06:00,2021-04-27,3.9,WRK
5010823,53410,,,2021-04-27,6,ON_CALL
5010823,53410,2021-04-27 14:00:00,2021-04-27 16:00:00,2021-04-27,2,WRK
5010831,55050,,,2021-04-27,7,ON_CALL
5010831,55050,2021-04-27 14:15:00,2021-04-27 15:15:00,2021-04-27,1,WRK
5010836,55050,2021-04-27 6:19:00,2021-04-27 11:54:00,2021-04-27,5.6,WRK
5010836,55050,,,2021-04-27,1,BREAK
5010836,55050,2021-04-27 12:53:00,2021-04-27 14:19:00,2021-04-27,1.4,WRK
5011015,55050,,,2021-04-27,5,ON_CALL
5011015,55050,2021-04-27 14:12:00,2021-04-27 17:12:00,2021-04-27,3,WRK
5011018,51100,2021-04-27 14:08:00,2021-04-27 17:46:00,2021-04-27,3.6,WRK
5011018,51100,,,2021-04-27,0.8,BREAK
5011018,51100,2021-04-27 18:32:00,2021-04-27 22:08:00,2021-04-27,3.6,WRK
5011060,55050,,,2021-04-27,8,ABSENT
5011110,31288,,,2021-04-27,8,ABSENT
5011147,51120,,,2021-04-27,1,CHARGE
5011147,51120,2021-04-27 6:08:00,2021-04-27 11:45:00,2021-04-27,5.6,WRK
5011147,51120,,,2021-04-27,0.5,BREAK
5011147,51120,2021-04-27 12:17:00,2021-04-27 14:08:00,2021-04-27,1.9,WRK
5011401,55050,,,2021-04-27,8,ON_CALL
5011633,53410,,,2021-04-27,8,ABSENT
5012159,51120,,,2021-04-27,1,CHARGE
5012159,51120,2021-04-27 6:04:00,2021-04-27 11:47:00,2021-04-27,5.7,WRK
5012159,51120,,,2021-04-27,0.5,BREAK
5012159,51120,2021-04-27 12:18:00,2021-04-27 14:04:00,2021-04-27,1.8,WRK
5012165,31288,,,2021-04-27,8,ABSENT
5012319,31288,,,2021-04-27,8,ABSENT
5012329,18048,,,2021-04-27,8,ABSENT
5014147,11151,,,2021-04-27,5,ON_CALL
5014147,11151,2021-04-27 6:15:00,2021-04-27 9:15:00,2021-04-27,3,WRK
507800,51100,,,2021-04-27,1,CHARGE
507800,51100,2021-04-27 6:19:00,2021-04-27 10:50:00,2021-04-27,4.5,WRK
507800,51100,,,2021-04-27,0.8,BREAK
507800,51100,2021-04-27 11:37:00,2021-04-27 14:19:00,2021-04-27,2.7,WRK
1377208,53410,,,2021-04-28,8,ON_CALL
1977006,54013,,,2021-04-28,8,ABSENT
3974506,31288,2021-04-28 14:01:00,2021-04-28 16:42:00,2021-04-28,2.7,WRK
3974506,31288,,,2021-04-28,0.8,BREAK
3974506,31288,2021-04-28 17:29:00,2021-04-28 22:01:00,2021-04-28,4.5,WRK
4019778,54013,,,2021-04-28,8,ABSENT
4024378,55050,,,2021-04-28,6,ON_CALL
4024378,55050,2021-04-28 14:15:00,2021-04-28 16:15:00,2021-04-28,2,WRK
5001252,53410,,,2021-04-28,8,ON_CALL
5005963,51120,,,2021-04-28,8,ABSENT
5009770,51100,,,2021-04-28,8,ABSENT
5010823,53410,2021-04-28 6:10:00,2021-04-28 10:43:00,2021-04-28,4.6,WRK
5010823,53410,,,2021-04-28,1,BREAK
5010823,53410,2021-04-28 11:42:00,2021-04-28 14:10:00,2021-04-28,2.5,WRK
5010831,55050,,,2021-04-28,8,ABSENT
5011018,51100,,,2021-04-28,5,ON_CALL
5011018,51100,2021-04-28 14:06:00,2021-04-28 17:06:00,2021-04-28,3,WRK
5011060,55050,,,2021-04-28,7,ON_CALL
5011060,55050,2021-04-28 6:05:00,2021-04-28 7:05:00,2021-04-28,1,WRK
5011105,11151,2021-04-28 14:16:00,2021-04-28 17:51:00,2021-04-28,3.6,WRK
5011105,11151,,,2021-04-28,1,BREAK
5011105,11151,2021-04-28 18:50:00,2021-04-28 22:16:00,2021-04-28,3.4,WRK
5011110,31288,,,2021-04-28,8,ABSENT
5011147,51120,,,2021-04-28,6,ON_CALL
5011147,51120,2021-04-28 14:07:00,2021-04-28 16:07:00,2021-04-28,2,WRK
5011401,55050,,,2021-04-28,8,ABSENT
5011499,31288,2021-04-28 6:06:00,2021-04-28 11:49:00,2021-04-28,5.7,WRK
5011499,31288,,,2021-04-28,0.9,BREAK
5011499,31288,2021-04-28 12:43:00,2021-04-28 14:06:00,2021-04-28,1.4,WRK
5011633,53410,,,2021-04-28,2,CHARGE
5011633,53410,2021-04-28 14:13:00,2021-04-28 19:45:00,2021-04-28,5.5,WRK
5011633,53410,,,2021-04-28,0.8,BREAK
5011633,53410,2021-04-28 20:35:00,2021-04-28 22:13:00,2021-04-28,1.6,WRK
5012159,51120,,,2021-04-28,8,ON_CALL
5012163,31288,,,2021-04-28,8,ABSENT
5012165,31288,,,2021-04-28,5,ON_CALL
5012165,31288,2021-04-28 14:19:00,2021-04-28 17:19:00,2021-04-28,3,WRK
5012319,31288,,,2021-04-28,5,ON_CALL
5012319,31288,2021-04-28 6:14:00,2021-04-28 9:14:00,2021-04-28,3,WRK
5012329,18048,,,2021-04-28,6,ON_CALL
5012329,18048,2021-04-28 6:18:00,2021-04-28 8:18:00,2021-04-28,2,WRK
507800,51100,,,2021-04-28,5,ON_CALL
507800,51100,2021-04-28 6:06:00,2021-04-28 9:06:00,2021-04-28,3,WRK
1377208,53410,2021-04-29 14:09:00,2021-04-29 18:44:00,2021-04-29,4.6,WRK
1377208,53410,,,2021-04-29,0.8,BREAK
1377208,53410,2021-04-29 19:33:00,2021-04-29 22:09:00,2021-04-29,2.6,WRK
1672200,11151,2021-04-29 6:19:00,2021-04-29 9:50:00,2021-04-29,3.5,WRK
1672200,11151,,,2021-04-29,0.7,BREAK
1672200,11151,2021-04-29 10:33:00,2021-04-29 14:19:00,2021-04-29,3.8,WRK
1977006,54013,,,2021-04-29,8,ON_CALL
3974506,31288,,,2021-04-29,5,ON_CALL
3974506,31288,2021-04-29 6:19:00,2021-04-29 9:19:00,2021-04-29,3,WRK
4019778,54013,2021-04-29 14:14:00,2021-04-29 17:58:00,2021-04-29,3.7,WRK
4019778,54013,,,2021-04-29,0.7,BREAK
4019778,54013,2021-04-29 18:39:00,2021-04-29 22:14:00,2021-04-29,3.6,WRK
5001188,54013,2021-04-29 14:19:00,2021-04-29 18:57:00,2021-04-29,4.6,WRK
5001188,54013,,,2021-04-29,0.8,BREAK
5001188,54013,2021-04-29 19:48:00,2021-04-29 22:19:00,2021-04-29,2.5,WRK
5001252,53410,,,2021-04-29,8,ABSENT
5005963,51120,,,2021-04-29,6,ON_CALL
5005963,51120,2021-04-29 6:02:00,2021-04-29 8:02:00,2021-04-29,2,WRK
5009770,51100,,,2021-04-29,1,CHARGE
5009770,51100,2021-04-29 6:04:00,2021-04-29 9:52:00,2021-04-29,3.8,WRK
5009770,51100,,,2021-04-29,0.9,BREAK
5009770,51100,2021-04-29 10:46:00,2021-04-29 14:04:00,2021-04-29,3.3,WRK
5010823,53410,2021-04-29 6:17:00,2021-04-29 8:59:00,2021-04-29,2.7,WRK
5010823,53410,,,2021-04-29,0.9,BREAK
5010823,53410,2021-04-29 9:53:00,2021-04-29 14:17:00,2021-04-29,4.4,WRK
5010831,55050,,,2021-04-29,8,ABSENT
5010836,55050,,,2021-04-29,8,ABSENT
5011015,55050,,,2021-04-29,3,CHARGE
5011015,55050,2021-04-29 6:00:00,2021-04-29 10:46:00,2021-04-29,4.8,WRK
5011015,55050,,,2021-04-29,0.9,BREAK
5011015,55050,2021-04-29 11:39:00,2021-04-29 14:00:00,2021-04-29,2.4,WRK
5011060,55050,2021-04-29 6:10:00,2021-04-29 11:43:00,2021-04-29,5.6,WRK
5011060,55050,,,2021-04-29,0.8,BREAK
5011060,55050,2021-04-29 12:29:00,2021-04-29 14:10:00,2021-04-29,1.7,WRK
5011110,31288,,,2021-04-29,8,ON_CALL
5011147,51120,,,2021-04-29,8,ON_CALL
5011401,55050,,,2021-04-29,8,ABSENT
5011499,31288,,,2021-04-29,6,ON_CALL
5011499,31288,2021-04-29 6:02:00,2021-04-29 8:02:00,2021-04-29,2,WRK
5012159,51120,,,2021-04-29,8,ABSENT
5012163,31288,,,2021-04-29,5,ON_CALL
5012163,31288,2021-04-29 14:09:00,2021-04-29 17:09:00,2021-04-29,3,WRK
5012165,31288,,,2021-04-29,8,ABSENT
5012329,18048,,,2021-04-29,2,CHARGE
5012329,18048,2021-04-29 14:16:00,2021-04-29 17:46:00,2021-04-29,3.5,WRK
5012329,18048,,,2021-04-29,0.8,BREAK
5012329,18048,2021-04-29 18:32:00,2021-04-29 22:16:00,2021-04-29,3.7,WRK
5014147,11151,,,2021-04-29,8,ABSENT
507800,51100,,,2021-04-29,6,ON_CALL
507800,51100,2021-04-29 14:13:00,2021-04-29 16:13:00,2021-04-29,2,WRK
1377208,53410,2021-04-30 14:02:00,2021-04-30 18:36:00,2021-04-30,4.6,WRK
1377208,53410,,,2021-04-30,0.7,BREAK
1377208,53410,2021-04-30 19:18:00,2021-04-30 22:02:00,2021-04-30,2.7,WRK
1977006,54013,,,2021-04-30,8,ABSENT
3974506,31288,,,2021-04-30,3,CHARGE
3974506,31288,2021-04-30 14:03:00,2021-04-30 18:43:00,2021-04-30,4.7,WRK
3974506,31288,,,2021-04-30,1,BREAK
3974506,31288,2021-04-30 19:43:00,2021-04-30 22:03:00,2021-04-30,2.3,WRK
4024378,55050,,,2021-04-30,7,ON_CALL
4024378,55050,2021-04-30 14:16:00,2021-04-30 15:16:00,2021-04-30,1,WRK
5001188,54013,,,2021-04-30,1,CHARGE
5001188,54013,2021-04-30 6:03:00,2021-04-30 11:44:00,2021-04-30,5.7,WRK
5001188,54013,,,2021-04-30,1,BREAK
5001188,54013,2021-04-30 12:44:00,2021-04-30 14:03:00,2021-04-30,1.3,WRK
5001252,53410,2021-04-30 6:02:00,2021-04-30 11:50:00,2021-04-30,5.8,WRK
5001252,53410,,,2021-04-30,0.8,BREAK
5001252,53410,2021-04-30 12:41:00,2021-04-30 14:02:00,2021-04-30,1.4,WRK
5005963,51120,,,2021-04-30,8,ABSENT
5009770,51100,,,2021-04-30,6,ON_CALL
5009770,51100,2021-04-30 14:09:00,2021-04-30 16:09:00,2021-04-30,2,WRK
5010823,53410,,,2021-04-30,8,ABSENT
5010831,55050,,,2021-04-30,8,ABSENT
5010836,55050,2021-04-30 14:04:00,2021-04-30 16:54:00,2021-04-30,2.8,WRK
5010836,55050,,,2021-04-30,0.7,BREAK
5010836,55050,2021-04-30 17:37:00,2021-04-30 22:04:00,2021-04-30,4.5,WRK
5011015,55050,,,2021-04-30,6,ON_CALL
5011015,55050,2021-04-30 6:01:00,2021-04-30 8:01:00,2021-04-30,2,WRK
5011018,51100,,,2021-04-30,8,ABSENT
5011060,55050,,,2021-04-30,8,ON_CALL
5011105,11151,,,2021-04-30,7,ON_CALL
5011105,11151,2021-04-30 6:03:00,2021-04-30 7:03:00,2021-04-30,1,WRK
5011110,31288,,,2021-04-30,7,ON_CALL
5011110,31288,2021-04-30 6:18:00,2021-04-30 7:18:00,2021-04-30,1,WRK
5011147,51120,,,2021-04-30,1,CHARGE
5011147,51120,2021-04-30 14:18:00,2021-04-30 18:01:00,2021-04-30,3.7,WRK
5011147,51120,,,2021-04-30,0.9,BREAK
5011147,51120,2021-04-30 18:58:00,2021-04-30 22:18:00,2021-04-30,3.3,WRK
5011633,53410,,,2021-04-30,8,ABSENT
5012159,51120,,,2021-04-30,8,ABSENT
5012163,31288,2021-04-30 6:06:00,2021-04-30 8:42:00,2021-04-30,2.6,WRK
5012163,31288,,,2021-04-30,0.9,BREAK
5012163,31288,2021-04-30 9:35:00,2021-04-30 14:06:00,2021-04-30,4.5,WRK
5012165,31288,,,2021-04-30,8,ABSENT
5012319,31288,2021-04-30 6:11:00,2021-04-30 11:41:00,2021-04-30,5.5,WRK
5012319,31288,,,2021-04-30,0.7,BREAK
5012319,31288,2021-04-30 12:23:00,2021-04-30 14:11:00,2021-04-30,1.8,WRK
5012329,18048,,,2021-04-30,8,ABSENT
5014147,11151,,,2021-04-30,8,ABSENT
1377208,53410,,,2021-05-01,8,ABSENT
1672200,11151,,,2021-05-01,8,ABSENT
1977006,54013,2021-05-01 14:15:00,2021-05-01 16:46:00,2021-05-01,2.5,WRK
1977006,54013,,,2021-05-01,0.7,BREAK
1977006,54013,2021-05-01 17:26:00,2021-05-01 22:15:00,2021-05-01,4.8,WRK
3974506,31288,,,2021-05-01,8,ABSENT
4024378,55050,,,2021-05-01,8,ABSENT
5001188,54013,,,2021-05-01,1,CHARGE
5001188,54013,2021-05-01 6:08:00,2021-05-01 10:52:00,2021-05-01,4.7,WRK
5001188,54013,,,2021-05-01,0.8,BREAK
5001188,54013,2021-05-01 11:40:00,2021-05-01 14:08:00,2021-05-01,2.5,WRK
5001252,53410,,,2021-05-01,5,ON_CALL
5001252,53410,2021-05-01 6:12:00,2021-05-01 9:12:00,2021-05-01,3,WRK
5005963,51120,,,2021-05-01,8,ABSENT
5009770,51100,,,2021-05-01,8,ON_CALL
5010823,53410,,,2021-05-01,2,CHARGE
5010823,53410,2021-05-01 14:20:00,2021-05-01 17:00:00,2021-05-01,2.7,WRK
5010823,53410,,,2021-05-01,0.6,BREAK
5010823,53410,2021-05-01 17:34:00,2021-05-01 22:20:00,2021-05-01,4.8,WRK
5010831,55050,,,2021-05-01,8,ABSENT
5010836,55050,,,2021-05-01,5,ON_CALL
5010836,55050,2021-05-01 14:16:00,2021-05-01 17:16:00,2021-05-01,3,WRK
5011105,11151,,,2021-05-01,8,ABSENT
5011110,31288,,,2021-05-01,8,ABSENT
5011147,51120,,,2021-05-01,8,ABSENT
5011401,55050,2021-05-01 14:02:00,2021-05-01 16:33:00,2021-05-01,2.5,WRK
5011401,55050,,,2021-05-01,0.7,BREAK
5011401,55050,2021-05-01 17:14:00,2021-05-01 22:02:00,2021-05-01,4.8,WRK
5011499,31288,,,2021-05-01,8,ABSENT
5011633,53410,,,2021-05-01,8,ABSENT
5012159,51120,,,2021-05-01,8,ON_CALL
5012163,31288,,,2021-05-01,8,ABSENT
5012165,31288,,,2021-05-01,8,ABSENT
5012319,31288,,,2021-05-01,8,ABSENT
5014147,11151,,,2021-05-01,8,ABSENT
507800,51100,,,2021-05-01,8,ABSENT
1377208,53410,,,2021-05-02,8,ABSENT
1672200,11151,,,2021-05-02,8,ABSENT
3974506,31288,,,2021-05-02,7,ON_CALL
3974506,31288,2021-05-02 14:16:00,2021-05-02 15:16:00,2021-05-02,1,WRK
4019778,54013,,,2021-05-02,5,ON_CALL
4019778,54013,2021-05-02 14:12:00,2021-05-02 17:12:00,2021-05-02,3,WRK
5001188,54013,,,2021-05-02,8,ABSENT
5001252,53410,,,2021-05-02,8,ABSENT
5005963,51120,,,2021-05-02,2,CHARGE
5005963,51120,2021-05-02 14:12:00,2021-05-02 16:53:00,2021-05-02,2.7,WRK
5005963,51120,,,2021-05-02,0.9,BREAK
5005963,51120,2021-05-02 17:46:00,2021-05-02 22:12:00,2021-05-02,4.4,WRK
5010831,55050,,,2021-05-02,8,ABSENT
5010836,55050,,,2021-05-02,8,ABSENT
5011015,55050,,,2021-05-02,8,ABSENT
5011018,51100,,,2021-05-02,8,ABSENT
5011060,55050,,,2021-05-02,8,ABSENT
5011110,31288,,,2021-05-02,8,ABSENT
5011147,51120,,,2021-05-02,8,ABSENT
5011401,55050,,,2021-05-02,8,ABSENT
5011499,31288,,,2021-05-02,8,ON_CALL
5011633,53410,,,2021-05-02,8,ABSENT
5012159,51120,2021-05-02 14:02:00,2021-05-02 18:42:00,2021-05-02,4.7,WRK
5012159,51120,,,2021-05-02,0.5,BREAK
5012159,51120,2021-05-02 19:14:00,2021-05-02 22:02:00,2021-05-02,2.8,WRK
5012163,31288,,,2021-05-02,5,ON_CALL
5012163,31288,2021-05-02 6:14:00,2021-05-02 9:14:00,2021-05-02,3,WRK
5012165,31288,,,2021-05-02,7,ON_CALL
5012165,31288,2021-05-02 6:13:00,2021-05-02 7:13:00,2021-05-02,1,WRK
5012319,31288,,,2021-05-02,8,ABSENT
5012329,18048,,,2021-05-02,8,ABSENT
5014147,11151,,,2021-05-02,8,ABSENT
507800,51100,,,2021-05-02,8,ABSENT
1377208,53410,,,2021-05-03,1,CHARGE
1377208,53410,2021-05-03 14:00:00,2021-05-03 19:31:00,2021-05-03,5.5,WRK
1377208,53410,,,2021-05-03,1,BREAK
1377208,53410,2021-05-03 20:30:00,2021-05-03 22:00:00,2021-05-03,1.5,WRK
1672200,11151,,,2021-05-03,7,ON_CALL
1672200,11151,2021-05-03 14:10:00,2021-05-03 15:10:00,2021-05-03,1,WRK
1977006,54013,2021-05-03 6:15:00,2021-05-03 9:54:00,2021-05-03,3.7,WRK
1977006,54013,,,2021-05-03,0.9,BREAK
1977006,54013,2021-05-03 10:49:00,2021-05-03 14:15:00,2021-05-03,3.4,WRK
3974506,31288,,,2021-05-03,5,ON_CALL
3974506,31288,2021-05-03 6:00:00,2021-05-03 9:00:00,2021-05-03,3,WRK
4019778,54013,,,2021-05-03,2,CHARGE
4019778,54013,2021-05-03 14:14:00,2021-05-03 17:47:00,2021-05-03,3.6,WRK
4019778,54013,,,2021-05-03,0.7,BREAK
4019778,54013,2021-05-03 18:27:00,2021-05-03 22:14:00,2021-05-03,3.8,WRK
4024378,55050,,,2021-05-03,8,ON_CALL
5001188,54013,,,2021-05-03,6,ON_CALL
5001188,54013,2021-05-03 14:07:00,2021-05-03 16:07:00,2021-05-03,2,WRK
5001252,53410,,,2021-05-03,8,ABSENT
5005963,51120,,,2021-05-03,8,ABSENT
5009770,51100,,,2021-05-03,8,ABSENT
5010836,55050,,,2021-05-03,5,ON_CALL
5010836,55050,2021-05-03 6:20:00,2021-05-03 9:20:00,2021-05-03,3,WRK
5011015,55050,,,2021-05-03,6,ON_CALL
5011015,55050,2021-05-03 6:14:00,2021-05-03 8:14:00,2021-05-03,2,WRK
5011018,51100,2021-05-03 14:10:00,2021-05-03 16:48:00,2021-05-03,2.6,WRK
5011018,51100,,,2021-05-03,0.9,BREAK
5011018,51100,2021-05-03 17:41:00,2021-05-03 22:10:00,2021-05-03,4.5,WRK
5011060,55050,,,2021-05-03,8,ABSENT
5011105,11151,,,2021-05-03,6,ON_CALL
5011105,11151,2021-05-03 14:05:00,2021-05-03 16:05:00,2021-05-03,2,WRK
5011110,31288,,,2021-05-03,7,ON_CALL
5011110,31288,2021-05-03 14:08:00,2021-05-03 15:08:00,2021-05-03,1,WRK
5011147,51120,2021-05-03 14:03:00,2021-05-03 18:50:00,2021-05-03,4.8,WRK
5011147,51120,,,2021-05-03,0.5,BREAK
5011147,51120,2021-05-03 19:22:00,2021-05-03 22:03:00,2021-05-03,2.7,WRK
5011401,55050,2021-05-03 6:12:00,2021-05-03 8:44:00,2021-05-03,2.5,WRK
5011401,55050,,,2021-05-03,0.7,BREAK
5011401,55050,2021-05-03 9:23:00,2021-05-03 14:12:00,2021-05-03,4.8,WRK
5011633,53410,,,2021-05-03,1,CHARGE
5011633,53410,2021-05-03 14:04:00,2021-05-03 17:43:00,2021-05-03,3.7,WRK
5011633,53410,,,2021-05-03,0.7,BREAK
5011633,53410,2021-05-03 18:22:00,2021-05-03 22:04:00,2021-05-03,3.7,WRK
5012159,51120,,,2021-05-03,6,ON_CALL
5012159,51120,2021-05-03 6:05:00,2021-05-03 8:05:00,2021-05-03,2,WRK
5012165,31288,,,2021-05-03,8,ABSENT
5012319,31288,,,2021-05-03,8,ON_CALL
5012329,18048,,,2021-05-03,2,CHARGE
5012329,18048,2021-05-03 14:12:00,2021-05-03 18:49:00,2021-05-03,4.6,WRK
5012329,18048,,,2021-05-03,0.8,BREAK
5012329,18048,2021-05-03 19:37:00,2021-05-03 22:12:00,2021-05-03,2.6,WRK
507800,51100,,,2021-05-03,6,ON_CALL
507800,51100,2021-05-03 14:13:00,2021-05-03 16:13:00,2021-05-03,2,WRK
1977006,54013,2021-05-04 6:12:00,2021-05-04 9:58:00,2021-05-04,3.8,WRK
1977006,54013,,,2021-05-04,0.8,BREAK
1977006,54013,2021-05-04 10:44:00,2021-05-04 14:12:00,2021-05-04,3.5,WRK
4019778,54013,,,2021-05-04,7,ON_CALL
4019778,54013,2021-05-04 6:12:00,2021-05-04 7:12:00,2021-05-04,1,WRK
4024378,55050,,,2021-05-04,3,CHARGE
4024378,55050,2021-05-04 14:20:00,2021-05-04 18:53:00,2021-05-04,4.6,WRK
4024378,55050,,,2021-05-04,0.7,BREAK
4024378,55050,2021-05-04 19:32:00,2021-05-04 22:20:00,2021-05-04,2.8,WRK
5001188,54013,,,2021-05-04,5,ON_CALL
5001188,54013,2021-05-04 14:20:00,2021-05-04 17:20:00,2021-05-04,3,WRK
5001252,53410,,,2021-05-04,8,ON_CALL
5005963,51120,,,2021-05-04,2,CHARGE
5005963,51120,2021-05-04 6:19:00,2021-05-04 9:03:00,2021-05-04,2.7,WRK
5005963,51120,,,2021-05-04,0.9,BREAK
5005963,51120,2021-05-04 9:57:00,2021-05-04 14:19:00,2021-05-04,4.4,WRK
5009770,51100,,,2021-05-04,6,ON_CALL
5009770,51100,2021-05-04 6:04:00,2021-05-04 8:04:00,2021-05-04,2,WRK
5010823,53410,,,2021-05-04,7,ON_CALL
5010823,53410,2021-05-04 14:03:00,2021-05-04 15:03:00,2021-05-04,1,WRK
5010831,55050,,,2021-05-04,8,ABSENT
5011015,55050,,,2021-05-04,8,ON_CALL
5011018,51100,2021-05-04 6:16:00,2021-05-04 9:46:00,2021-05-04,3.5,WRK
5011018,51100,,,2021-05-04,0.5,BREAK
5011018,51100,2021-05-04 10:18:00,2021-05-04 14:16:00,2021-05-04,4,WRK
5011060,55050,,,2021-05-04,8,ON_CALL
5011105,11151,,,2021-05-04,5,ON_CALL
5011105,11151,2021-05-04 6:13:00,2021-05-04 9:13:00,2021-05-04,3,WRK
5011110,31288,,,2021-05-04,8,ABSENT
5011147,51120,,,2021-05-04,6,ON_CALL
5011147,51120,2021-05-04 6:18:00,2021-05-04 8:18:00,2021-05-04,2,WRK
5011401,55050,,,2021-05-04,8,ABSENT
5011499,31288,,,2021-05-04,8,ABSENT
5011633,53410,,,2021-05-04,8,ABSENT
5012159,51120,,,2021-05-04,8,ABSENT
5012163,31288,,,2021-05-04,8,ON_CALL
5012319,31288,,,2021-05-04,8,ABSENT
5012329,18048,2021-05-04 6:18:00,2021-05-04 12:08:00,2021-05-04,5.8,WRK
5012329,18048,,,2021-05-04,0.9,BREAK
5012329,18048,2021-05-04 13:03:00,2021-05-04 14:18:00,2021-05-04,1.2,WRK
5014147,11151,,,2021-05-04,5,ON_CALL
5014147,11151,2021-05-04 14:18:00,2021-05-04 17:18:00,2021-05-04,3,WRK
507800,51100,,,2021-05-04,5,ON_CALL
507800,51100,2021-05-04 14:09:00,2021-05-04 17:09:00,2021-05-04,3,WRK
1377208,53410,2021-05-05 14:09:00,2021-05-05 19:43:00,2021-05-05,5.6,WRK
1377208,53410,,,2021-05-05,0.8,BREAK
1377208,53410,2021-05-05 20:33:00,2021-05-05 22:09:00,2021-05-05,1.6,WRK
1672200,11151,,,2021-05-05,8,ABSENT
1977006,54013,,,2021-05-05,5,ON_CALL
1977006,54013,2021-05-05 6:13:00,2021-05-05 9:13:00,2021-05-05,3,WRK
3974506,31288,,,2021-05-05,5,ON_CALL
3974506,31288,2021-05-05 6:19:00,2021-05-05 9:19:00,2021-05-05,3,WRK
4019778,54013,,,2021-05-05,3,CHARGE
4019778,54013,2021-05-05 6:01:00,2021-05-05 11:43:00,2021-05-05,5.7,WRK
4019778,54013,,,2021-05-05,0.7,BREAK
4019778,54013,2021-05-05 12:25:00,2021-05-05 14:01:00,2021-05-05,1.6,WRK
4024378,55050,2021-05-05 14:11:00,2021-05-05 19:01:00,2021-05-05,4.8,WRK
4024378,55050,,,2021-05-05,0.7,BREAK
4024378,55050,2021-05-05 19:43:00,2021-05-05 22:11:00,2021-05-05,2.5,WRK
5001252,53410,,,2021-05-05,8,ABSENT
5005963,51120,,,2021-05-05,6,ON_CALL
5005963,51120,2021-05-05 6:13:00,2021-05-05 8:13:00,2021-05-05,2,WRK
5009770,51100,,,2021-05-05,3,CHARGE
5009770,51100,2021-05-05 6:15:00,2021-05-05 8:55:00,2021-05-05,2.7,WRK
5009770,51100,,,2021-05-05,0.5,BREAK
5009770,51100,2021-05-05 9:27:00,2021-05-05 14:15:00,2021-05-05,4.8,WRK
5010823,53410,,,2021-05-05,7,ON_CALL
5010823,53410,2021-05-05 14:06:00,2021-05-05 15:06:00,2021-05-05,1,WRK
5010831,55050,,,2021-05-05,8,ABSENT
5011015,55050,,,2021-05-05,8,ABSENT
5011018,51100,,,2021-05-05,3,CHARGE
5011018,51100,2021-05-05 14:04:00,2021-05-05 18:41:00,2021-05-05,4.6,WRK
5011018,51100,,,2021-05-05,0.7,BREAK
5011018,51100,2021-05-05 19:21:00,2021-05-05 22:04:00,2021-05-05,2.7,WRK
5011060,55050,,,2021-05-05,2,CHARGE
5011060,55050,2021-05-05 14:02:00,2021-05-05 18:38:00,2021-05-05,4.6,WRK
5011060,55050,,,2021-05-05,0.9,BREAK
5011060,55050,2021-05-05 19:34:00,2021-05-05 22:02:00,2021-05-05,2.5,WRK
5011105,11151,,,2021-05-05,8,ABSENT
5011110,31288,,,2021-05-05,8,ABSENT
5011401,55050,2021-05-05 14:00:00,2021-05-05 17:42:00,2021-05-05,3.7,WRK
5011401,55050,,,2021-05-05,0.8,BREAK
5011401,55050,2021-05-05 18:32:00,2021-05-05 22:00:00,2021-05-05,3.5,WRK
5011499,31288,,,2021-05-05,2,CHARGE
5011499,31288,2021-05-05 6:13:00,2021-05-05 11:00:00,2021-05-05,4.8,WRK
5011499,31288,,,2021-05-05,0.8,BREAK
5011499,31288,2021-05-05 11:45:00,2021-05-05 14:13:00,2021-05-05,2.5,WRK
5011633,53410,2021-05-05 6:10:00,2021-05-05 8:45:00,2021-05-05,2.6,WRK
5011633,53410,,,2021-05-05,0.9,BREAK
5011633,53410,2021-05-05 9:40:00,2021-05-05 14:10:00,2021-05-05,4.5,WRK
5012163,31288,,,2021-05-05,8,ABSENT
5012165,31288,,,2021-05-05,1,CHARGE
5012165,31288,2021-05-05 14:06:00,2021-05-05 18:39:00,2021-05-05,4.6,WRK
5012165,31288,,,2021-05-05,0.5,BREAK
5012165,31288,2021-05-05 19:10:00,2021-05-05 22:06:00,2021-05-05,2.9,WRK
5012319,31288,,,2021-05-05,7,ON_CALL
5012319,31288,2021-05-05 6:04:00,2021-05-05 7:04:00,2021-05-05,1,WRK
5012329,18048,,,2021-05-05,5,ON_CALL
5012329,18048,2021-05-05 6:06:00,2021-05-05 9:06:00,2021-05-05,3,WRK
507800,51100,,,2021-05-05,8,ABSENT
1377208,53410,2021-05-06 14:00:00,2021-05-06 18:48:00,2021-05-06,4.8,WRK
1377208,53410,,,2021-05-06,0.9,BREAK
1377208,53410,2021-05-06 19:45:00,2021-05-06 22:00:00,2021-05-06,2.2,WRK
1672200,11151,,,2021-05-06,8,ABSENT
1977006,54013,,,2021-05-06,5,ON_CALL
1977006,54013,2021-05-06 6:16:00,2021-05-06 9:16:00,2021-05-06,3,WRK
3974506,31288,,,2021-05-06,8,ABSENT
4019778,54013,,,2021-05-06,8,ABSENT
5001188,54013,,,2021-05-06,8,ABSENT
5005963,51120,2021-05-06 6:15:00,2021-05-06 10:49:00,2021-05-06,4.6,WRK
5005963,51120,,,2021-05-06,0.5,BREAK
5005963,51120,2021-05-06 11:19:00,2021-05-06 14:15:00,2021-05-06,2.9,WRK
5009770,51100,,,2021-05-06,7,ON_CALL
5009770,51100,2021-05-06 14:06:00,2021-05-06 15:06:00,2021-05-06,1,WRK
5010823,53410,,,2021-05-06,8,ABSENT
5010831,55050,,,2021-05-06,3,CHARGE
5010831,55050,2021-05-06 14:16:00,2021-05-06 17:58:00,2021-05-06,3.7,WRK
5010831,55050,,,2021-05-06,0.8,BREAK
5010831,55050,2021-05-06 18:45:00,2021-05-06 22:16:00,2021-05-06,3.5,WRK
5010836,55050,,,2021-05-06,8,ABSENT
5011015,55050,,,2021-05-06,7,ON_CALL
5011015,55050,2021-05-06 14:05:00,2021-05-06 15:05:00,2021-05-06,1,WRK
5011018,51100,,,2021-05-06,8,ABSENT
5011060,55050,2021-05-06 6:10:00,2021-05-06 10:40:00,2021-05-06,4.5,WRK
5011060,55050,,,2021-05-06,0.7,BREAK
5011060,55050,2021-05-06 11:24:00,2021-05-06 14:10:00,2021-05-06,2.8,WRK
5011110,31288,,,2021-05-06,8,ABSENT
5011147,51120,,,2021-05-06,6,ON_CALL
5011147,51120,2021-05-06 14:12:00,2021-05-06 16:12:00,2021-05-06,2,WRK
5011401,55050,2021-05-06 14:06:00,2021-05-06 18:54:00,2021-05-06,4.8,WRK
5011401,55050,,,2021-05-06,0.6,BREAK
5011401,55050,2021-05-06 19:28:00,2021-05-06 22:06:00,2021-05-06,2.6,WRK
5011499,31288,,,2021-05-06,7,ON_CALL
5011499,31288,2021-05-06 14:07:00,2021-05-06 15:07:00,2021-05-06,1,WRK
5011633,53410,,,2021-05-06,5,ON_CALL
5011633,53410,2021-05-06 14:16:00,2021-05-06 17:16:00,2021-05-06,3,WRK
5012159,51120,2021-05-06 6:20:00,2021-05-06 11:07:00,2021-05-06,4.8,WRK
5012159,51120,,,2021-05-06,0.6,BREAK
5012159,51120,2021-05-06 11:40:00,2021-05-06 14:20:00,2021-05-06,2.7,WRK
5012165,31288,2021-05-06 6:11:00,2021-05-06 10:43:00,2021-05-06,4.5,WRK
5012165,31288,,,2021-05-06,0.8,BREAK
5012165,31288,2021-05-06 11:31:00,2021-05-06 14:11:00,2021-05-06,2.7,WRK
5012319,31288,,,2021-05-06,2,CHARGE
5012319,31288,2021-05-06 14:05:00,2021-05-06 18:52:00,2021-05-06,4.8,WRK
5012319,31288,,,2021-05-06,0.5,BREAK
5012319,31288,2021-05-06 19:22:00,2021-05-06 22:05:00,2021-05-06,2.7,WRK
5012329,18048,,,2021-05-06,3,CHARGE
5012329,18048,2021-05-06 14:04:00,2021-05-06 19:49:00,2021-05-06,5.8,WRK
5012329,18048,,,2021-05-06,0.9,BREAK
5012329,18048,2021-05-06 20:41:00,2021-05-06 22:04:00,2021-05-06,1.4,WRK
5014147,11151,,,2021-05-06,8,ABSENT
1672200,11151,,,2021-05-07,3,CHARGE
1672200,11151,2021-05-07 6:02:00,2021-05-07 8:40:00,2021-05-07,2.6,WRK
1672200,11151,,,2021-05-07,0.9,BREAK
1672200,11151,2021-05-07 9:34:00,2021-05-07 14:02:00,2021-05-07,4.5,WRK
1977006,54013,,,2021-05-07,8,ABSENT
3974506,31288,,,2021-05-07,7,ON_CALL
3974506,31288,2021-05-07 6:07:00,2021-05-07 7:07:00,2021-05-07,1,WRK
4019778,54013,,,2021-05-07,7,ON_CALL
4019778,54013,2021-05-07 6:12:00,2021-05-07 7:12:00,2021-05-07,1,WRK
4024378,55050,,,2021-05-07,2,CHARGE
4024378,55050,2021-05-07 14:00:00,2021-05-07 17:49:00,2021-05-07,3.8,WRK
4024378,55050,,,2021-05-07,0.8,BREAK
4024378,55050,2021-05-07 18:34:00,2021-05-07 22:00:00,2021-05-07,3.4,WRK
5001188,54013,2021-05-07 6:01:00,2021-05-07 9:33:00,2021-05-07,3.5,WRK
5001188,54013,,,2021-05-07,0.7,BREAK
5001188,54013,2021-05-07 10:12:00,2021-05-07 14:01:00,2021-05-07,3.8,WRK
5001252,53410,,,2021-05-07,8,ABSENT
5005963,51120,,,2021-05-07,6,ON_CALL
5005963,51120,2021-05-07 6:14:00,2021-05-07 8:14:00,2021-05-07,2,WRK
5009770,51100,,,2021-05-07,8,ABSENT
5010823,53410,,,2021-05-07,7,ON_CALL
5010823,53410,2021-05-07 6:05:00,2021-05-07 7:05:00,2021-05-07,1,WRK
5010831,55050,,,2021-05-07,3,CHARGE
5010831,55050,2021-05-07 14:11:00,2021-05-07 17:43:00,2021-05-07,3.5,WRK
5010831,55050,,,2021-05-07,0.5,BREAK
5010831,55050,2021-05-07 18:15:00,2021-05-07 22:11:00,2021-05-07,3.9,WRK
5010836,55050,,,2021-05-07,3,CHARGE
5010836,55050,2021-05-07 14:11:00,2021-05-07 19:51:00,2021-05-07,5.7,WRK
5010836,55050,,,2021-05-07,0.7,BREAK
5010836,55050,2021-05-07 20:32:00,2021-05-07 22:11:00,2021-05-07,1.6,WRK
5011015,55050,,,2021-05-07,6,ON_CALL
5011015,55050,2021-05-07 6:14:00,2021-05-07 8:14:00,2021-05-07,2,WRK
5011018,51100,,,2021-05-07,6,ON_CALL
5011018,51100,2021-05-07 14:09:00,2021-05-07 16:09:00,2021-05-07,2,WRK
5011105,11151,,,2021-05-07,5,ON_CALL
5011105,11151,2021-05-07 6:16:00,2021-05-07 9:16:00,2021-05-07,3,WRK
5011147,51120,,,2021-05-07,8,ABSENT
5011401,55050,2021-05-07 6:13:00,2021-05-07 10:58:00,2021-05-07,4.8,WRK
5011401,55050,,,2021-05-07,0.8,BREAK
5011401,55050,2021-05-07 11:48:00,2021-05-07 14:13:00,2021-05-07,2.4,WRK
5011633,53410,2021-05-07 14:07:00,2021-05-07 18:49:00,2021-05-07,4.7,WRK
5011633,53410,,,2021-05-07,0.8,BREAK
5011633,53410,2021-05-07 19:38:00,2021-05-07 22:07:00,2021-05-07,2.5,WRK
5012163,31288,,,2021-05-07,1,CHARGE
5012163,31288,2021-05-07 6:13:00,2021-05-07 10:48:00,2021-05-07,4.6,WRK
5012163,31288,,,2021-05-07,0.5,BREAK
5012163,31288,2021-05-07 11:20:00,2021-05-07 14:13:00,2021-05-07,2.9,WRK
5012165,31288,,,2021-05-07,6,ON_CALL
5012165,31288,2021-05-07 6:07:00,2021-05-07 8:07:00,2021-05-07,2,WRK
5012319,31288,,,2021-05-07,6,ON_CALL
5012319,31288,2021-05-07 6:14:00,2021-05-07 8:14:00,2021-05-07,2,WRK
5012329,18048,,,2021-05-07,8,ON_CALL
5014147,11151,,,2021-05-07,6,ON_CALL
5014147,11151,2021-05-07 6:04:00,2021-05-07 8:04:00,2021-05-07,2,WRK
507800,51100,2021-05-07 14:08:00,2021-05-07 17:38:00,2021-05-07,3.5,WRK
507800,51100,,,2021-05-07,0.5,BREAK
507800,51100,2021-05-07 18:08:00,2021-05-07 22:08:00,2021-05-07,4,WRK
1377208,53410,,,2021-05-08,8,ABSENT
1672200,11151,,,2021-05-08,8,ABSENT
1977006,54013,,,2021-05-08,8,ABSENT
3974506,31288,,,2021-05-08,7,ON_CALL
3974506,31288,2021-05-08 14:07:00,2021-05-08 15:07:00,2021-05-08,1,WRK
4019778,54013,,,2021-05-08,8,ON_CALL
4024378,55050,,,2021-05-08,8,ABSENT
5001188,54013,,,2021-05-08,8,ABSENT
5005963,51120,,,2021-05-08,7,ON_CALL
5005963,51120,2021-05-08 6:12:00,2021-05-08 7:12:00,2021-05-08,1,WRK
5009770,51100,,,2021-05-08,8,ABSENT
5010823,53410,,,2021-05-08,8,ABSENT
5010831,55050,,,2021-05-08,8,ABSENT
5011015,55050,,,2021-05-08,8,ABSENT
5011018,51100,,,2021-05-08,8,ABSENT
5011060,55050,,,2021-05-08,8,ON_CALL
5011110,31288,,,2021-05-08,8,ABSENT
5011147,51120,,,2021-05-08,8,ON_CALL
5011401,55050,,,2021-05-08,8,ABSENT
5011633,53410,,,2021-05-08,8,ABSENT
5012159,51120,,,2021-05-08,8,ABSENT
5012163,31288,,,2021-05-08,8,ABSENT
5012165,31288,,,2021-05-08,8,ABSENT
5012319,31288,,,2021-05-08,8,ABSENT
5012329,18048,,,2021-05-08,5,ON_CALL
5012329,18048,2021-05-08 14:11:00,2021-05-08 17:11:00,2021-05-08,3,WRK
507800,51100,,,2021-05-08,8,ABSENT
1377208,53410,,,2021-05-09,8,ABSENT
1672200,11151,,,2021-05-09,8,ABSENT
1977006,54013,2021-05-09 14:06:00,2021-05-09 17:37:00,2021-05-09,3.5,WRK
1977006,54013,,,2021-05-09,0.9,BREAK
1977006,54013,2021-05-09 18:30:00,2021-05-09 22:06:00,2021-05-09,3.6,WRK
3974506,31288,,,2021-05-09,8,ABSENT
4019778,54013,,,2021-05-09,5,ON_CALL
4019778,54013,2021-05-09 14:10:00,2021-05-09 17:10:00,2021-05-09,3,WRK
4024378,55050,,,2021-05-09,7,ON_CALL
4024378,55050,2021-05-09 6:09:00,2021-05-09 7:09:00,2021-05-09,1,WRK
5001188,54013,,,2021-05-09,8,ABSENT
5009770,51100,,,2021-05-09,7,ON_CALL
5009770,51100,2021-05-09 6:04:00,2021-05-09 7:04:00,2021-05-09,1,WRK
5010823,53410,,,2021-05-09,8,ABSENT
5010836,55050,,,2021-05-09,8,ABSENT
5011015,55050,,,2021-05-09,8,ON_CALL
5011060,55050,,,2021-05-09,8,ABSENT
5011105,11151,,,2021-05-09,8,ABSENT
5011147,51120,,,2021-05-09,8,ABSENT
5011401,55050,,,2021-05-09,7,ON_CALL
5011401,55050,2021-05-09 14:09:00,2021-05-09 15:09:00,2021-05-09,1,WRK
5011499,31288,,,2021-05-09,8,ABSENT
5011633,53410,2021-05-09 6:08:00,2021-05-09 10:54:00,2021-05-09,4.8,WRK
5011633,53410,,,2021-05-09,0.8,BREAK
5011633,53410,2021-05-09 11:42:00,2021-05-09 14:08:00,2021-05-09,2.4,WRK
5012159,51120,2021-05-09 14:03:00,2021-05-09 19:45:00,2021-05-09,5.7,WRK
5012159,51120,,,2021-05-09,1,BREAK
5012159,51120,2021-05-09 20:43:00,2021-05-09 22:03:00,2021-05-09,1.3,WRK
5012163,31288,,,2021-05-09,8,ABSENT
5012165,31288,,,2021-05-09,8,ABSENT
5012319,31288,,,2021-05-09,8,ON_CALL
5012329,18048,,,2021-05-09,8,ABSENT
5014147,11151,,,2021-05-09,8,ABSENT
507800,51100,,,2021-05-09,5,ON_CALL
507800,51100,2021-05-09 14:10:00,2021-05-09 17:10:00,2021-05-09,3,WRK
1377208,53410,,,2021-05-10,1,CHARGE
1377208,53410,2021-05-10 14:05:00,2021-05-10 16:42:00,2021-05-10,2.6,WRK
1377208,53410,,,2021-05-10,0.9,BREAK
1377208,53410,2021-05-10 17:39:00,2021-05-10 22:05:00,2021-05-10,4.4,WRK
1672200,11151,,,2021-05-10,8,ABSENT
1977006,54013,,,2021-05-10,2,CHARGE
1977006,54013,2021-05-10 14:05:00,2021-05-10 19:46:00,2021-05-10,5.7,WRK
1977006,54013,,,2021-05-10,0.8,BREAK
1977006,54013,2021-05-10 20:37:00,2021-05-10 22:05:00,2021-05-10,1.5,WRK
3974506,31288,,,2021-05-10,5,ON_CALL
3974506,31288,2021-05-10 6:14:00,2021-05-10 9:14:00,2021-05-10,3,WRK
4019778,54013,,,2021-05-10,2,CHARGE
4019778,54013,2021-05-10 6:17:00,2021-05-10 9:48:00,2021-05-10,3.5,WRK
4019778,54013,,,2021-05-10,0.8,BREAK
4019778,54013,2021-05-10 10:36:00,2021-05-10 14:17:00,2021-05-10,3.7,WRK
4024378,55050,,,2021-05-10,5,ON_CALL
4024378,55050,2021-05-10 6:02:00,2021-05-10 9:02:00,2021-05-10,3,WRK
5001188,54013,2021-05-10 14:03:00,2021-05-10 17:50:00,2021-05-10,3.8,WRK
5001188,54013,,,2021-05-10,0.6,BREAK
5001188,54013,2021-05-10 18:25:00,2021-05-10 22:03:00,2021-05-10,3.6,WRK
5001252,53410,2021-05-10 14:05:00,2021-05-10 17:35:00,2021-05-10,3.5,WRK
5001252,53410,,,2021-05-10,0.6,BREAK
5001252,53410,2021-05-10 18:10:00,2021-05-10 22:05:00,2021-05-10,3.9,WRK
5005963,51120,2021-05-10 6:10:00,2021-05-10 10:00:00,2021-05-10,3.8,WRK
5005963,51120,,,2021-05-10,0.5,BREAK
5005963,51120,2021-05-10 10:30:00,2021-05-10 14:10:00,2021-05-10,3.7,WRK
5009770,51100,,,2021-05-10,8,ABSENT
5010831,55050,,,2021-05-10,5,ON_CALL
5010831,55050,2021-05-10 6:15:00,2021-05-10 9:15:00,2021-05-10,3,WRK
5010836,55050,,,2021-05-10,7,ON_CALL
5010836,55050,2021-05-10 14:09:00,2021-05-10 15:09:00,2021-05-10,1,WRK
5011015,55050,2021-05-10 6:10:00,2021-05-10 9:55:00,2021-05-10,3.8,WRK
5011015,55050,,,2021-05-10,0.7,BREAK
5011015,55050,2021-05-10 10:35:00,2021-05-10 14:10:00,2021-05-10,3.6,WRK
5011018,51100,,,2021-05-10,8,ABSENT
5011060,55050,2021-05-10 6:07:00,2021-05-10 10:51:00,2021-05-10,4.7,WRK
5011060,55050,,,2021-05-10,0.9,BREAK
5011060,55050,2021-05-10 11:46:00,2021-05-10 14:07:00,2021-05-10,2.4,WRK
5011110,31288,,,2021-05-10,3,CHARGE
5011110,31288,2021-05-10 14:10:00,2021-05-10 19:59:00,2021-05-10,5.8,WRK
5011110,31288,,,2021-05-10,0.7,BREAK
5011110,31288,2021-05-10 20:40:00,2021-05-10 22:10:00,2021-05-10,1.5,WRK
5011147,51120,,,2021-05-10,7,ON_CALL
5011147,51120,2021-05-10 14:16:00,2021-05-10 15:16:00,2021-05-10,1,WRK
5011401,55050,2021-05-10 6:17:00,2021-05-10 9:59:00,2021-05-10,3.7,WRK
5011401,55050,,,2021-05-10,0.6,BREAK
5011401,55050,2021-05-10 10:37:00,2021-05-10 14:17:00,2021-05-10,3.7,WRK
5011633,53410,,,2021-05-10,8,ABSENT
5012159,51120,,,2021-05-10,1,CHARGE
5012159,51120,2021-05-10 6:19:00,2021-05-10 8:51:00,2021-05-10,2.5,WRK
5012159,51120,,,2021-05-10,0.5,BREAK
5012159,51120,2021-05-10 9:23:00,2021-05-10 14:19:00,2021-05-10,4.9,WRK
5012163,31288,,,2021-05-10,2,CHARGE
5012163,31288,2021-05-10 14:02:00,2021-05-10 18:32:00,2021-05-10,4.5,WRK
5012163,31288,,,2021-05-10,1,BREAK
5012163,31288,2021-05-10 19:32:00,2021-05-10 22:02:00,2021-05-10,2.5,WRK
5012165,31288,,,2021-05-10,8,ABSENT
5012319,31288,,,2021-05-10,8,ABSENT
5012329,18048,2021-05-10 6:19:00,2021-05-10 10:55:00,2021-05-10,4.6,WRK
5012329,18048,,,2021-05-10,0.9,BREAK
5012329,18048,2021-05-10 11:51:00,2021-05-10 14:19:00,2021-05-10,2.5,WRK
1377208,53410,2021-05-11 14:14:00,2021-05-11 19:44:00,2021-05-11,5.5,WRK
1377208,53410,,,2021-05-11,0.9,BREAK
1377208,53410,2021-05-11 20:39:00,2021-05-11 22:14:00,2021-05-11,1.6,WRK
1672200,11151,,,2021-05-11,8,ON_CALL
1977006,54013,,,2021-05-11,6,ON_CALL
1977006,54013,2021-05-11 6:14:00,2021-05-11 8:14:00,2021-05-11,2,WRK
3974506,31288,2021-05-11 14:16:00,2021-05-11 17:49:00,2021-05-11,3.6,WRK
3974506,31288,,,2021-05-11,0.7,BREAK
3974506,31288,2021-05-11 18:29:00,2021-05-11 22:16:00,2021-05-11,3.8,WRK
4019778,54013,,,2021-05-11,3,CHARGE
4019778,54013,2021-05-11 14:02:00,2021-05-11 19:37:00,2021-05-11,5.6,WRK
4019778,54013,,,2021-05-11,0.9,BREAK
4019778,54013,2021-05-11 20:31:00,2021-05-11 22:02:00,2021-05-11,1.5,WRK
4024378,55050,,,2021-05-11,5,ON_CALL
4024378,55050,2021-05-11 6:18:00,2021-05-11 9:18:00,2021-05-11,3,WRK
5001188,54013,,,2021-05-11,5,ON_CALL
5001188,54013,2021-05-11 6:19:00,2021-05-11 9:19:00,2021-05-11,3,WRK
5005963,51120,,,2021-05-11,5,ON_CALL
5005963,51120,2021-05-11 6:18:00,2021-05-11 9:18:00,2021-05-11,3,WRK
5009770,51100,,,2021-05-11,6,ON_CALL
5009770,51100,2021-05-11 14:17:00,2021-05-11 16:17:00,2021-05-11,2,WRK
5010823,53410,,,2021-05-11,8,ABSENT
5010831,55050,,,2021-05-11,6,ON_CALL
5010831,55050,2021-05-11 6:18:00,2021-05-11 8:18:00,2021-05-11,2,WRK
5011015,55050,,,2021-05-11,8,ABSENT
5011018,51100,,,2021-05-11,1,CHARGE
5011018,51100,2021-05-11 14:06:00,2021-05-11 18:53:00,2021-05-11,4.8,WRK
5011018,51100,,,2021-05-11,0.9,BREAK
5011018,51100,2021-05-11 19:49:00,2021-05-11 22:06:00,2021-05-11,2.3,WRK
5011105,11151,,,2021-05-11,8,ABSENT
5011147,51120,,,2021-05-11,5,ON_CALL
5011147,51120,2021-05-11 6:12:00,2021-05-11 9:12:00,2021-05-11,3,WRK
5011401,55050,,,2021-05-11,5,ON_CALL
5011401,55050,2021-05-11 6:10:00,2021-05-11 9:10:00,2021-05-11,3,WRK
5011499,31288,,,2021-05-11,8,ABSENT
5011633,53410,,,2021-05-11,8,ON_CALL
5012159,51120,,,2021-05-11,3,CHARGE
5012159,51120,2021-05-11 6:08:00,2021-05-11 9:55:00,2021-05-11,3.8,WRK
5012159,51120,,,2021-05-11,0.6,BREAK
5012159,51120,2021-05-11 10:31:00,2021-05-11 14:08:00,2021-05-11,3.6,WRK
5012163,31288,2021-05-11 6:08:00,2021-05-11 9:48:00,2021-05-11,3.7,WRK
5012163,31288,,,2021-05-11,0.9,BREAK
5012163,31288,2021-05-11 10:41:00,2021-05-11 14:08:00,2021-05-11,3.5,WRK
5012165,31288,,,2021-05-11,8,ABSENT
5012319,31288,2021-05-11 14:08:00,2021-05-11 16:45:00,2021-05-11,2.6,WRK
5012319,31288,,,2021-05-11,0.8,BREAK
5012319,31288,2021-05-11 17:31:00,2021-05-11 22:08:00,2021-05-11,4.6,WRK
5014147,11151,,,2021-05-11,8,ON_CALL
507800,51100,,,2021-05-11,8,ABSENT
1377208,53410,,,2021-05-12,8,ABSENT
1672200,11151,,,2021-05-12,7,ON_CALL
1672200,11151,2021-05-12 6:18:00,2021-05-12 7:18:00,2021-05-12,1,WRK
1977006,54013,,,2021-05-12,2,CHARGE
1977006,54013,2021-05-12 14:07:00,2021-05-12 18:47:00,2021-05-12,4.7,WRK
1977006,54013,,,2021-05-12,0.6,BREAK
1977006,54013,2021-05-12 19:24:00,2021-05-12 22:07:00,2021-05-12,2.7,WRK
4019778,54013,,,2021-05-12,8,ABSENT
5001188,54013,,,2021-05-12,1,CHARGE
5001188,54013,2021-05-12 14:18:00,2021-05-12 18:50:00,2021-05-12,4.5,WRK
5001188,54013,,,2021-05-12,0.9,BREAK
5001188,54013,2021-05-12 19:44:00,2021-05-12 22:18:00,2021-05-12,2.6,WRK
5001252,53410,,,2021-05-12,8,ON_CALL
5005963,51120,,,2021-05-12,5,ON_CALL
5005963,51120,2021-05-12 6:08:00,2021-05-12 9:08:00,2021-05-12,3,WRK
5009770,51100,,,2021-05-12,7,ON_CALL
5009770,51100,2021-05-12 6:17:00,2021-05-12 7:17:00,2021-05-12,1,WRK
5010823,53410,,,2021-05-12,6,ON_CALL
5010823,53410,2021-05-12 6:19:00,2021-05-12 8:19:00,2021-05-12,2,WRK
5011015,55050,2021-05-12 14:11:00,2021-05-12 17:01:00,2021-05-12,2.8,WRK
5011015,55050,,,2021-05-12,0.6,BREAK
5011015,55050,2021-05-12 17:38:00,2021-05-12 22:11:00,2021-05-12,4.5,WRK
5011018,51100,,,2021-05-12,8,ABSENT
5011060,55050,,,2021-05-12,8,ABSENT
5011105,11151,,,2021-05-12,8,ABSENT
5011110,31288,,,2021-05-12,6,ON_CALL
5011110,31288,2021-05-12 14:08:00,2021-05-12 16:08:00,2021-05-12,2,WRK
5011147,51120,,,2021-05-12,8,ABSENT
5011401,55050,,,2021-05-12,8,ABSENT
5011499,31288,,,2021-05-12,5,ON_CALL
5011499,31288,2021-05-12 14:14:00,2021-05-12 17:14:00,2021-05-12,3,WRK
5011633,53410,,,2021-05-12,8,ABSENT
5012159,51120,,,2021-05-12,8,ON_CALL
5012163,31288,2021-05-12 6:11:00,2021-05-12 8:52:00,2021-05-12,2.7,WRK
5012163,31288,,,2021-05-12,0.7,BREAK
5012163,31288,2021-05-12 9:34:00,2021-05-12 14:11:00,2021-05-12,4.6,WRK
5012319,31288,,,2021-05-12,6,ON_CALL
5012319,31288,2021-05-12 14:08:00,2021-05-12 16:08:00,2021-05-12,2,WRK
5012329,18048,,,2021-05-12,8,ABSENT
5014147,11151,,,2021-05-12,8,ABSENT
507800,51100,,,2021-05-12,5,ON_CALL
507800,51100,2021-05-12 14:18:00,2021-05-12 17:18:00,2021-05-12,3,WRK
1377208,53410,,,2021-05-13,5,ON_CALL
1377208,53410,2021-05-13 6:13:00,2021-05-13 9:13:00,2021-05-13,3,WRK
1672200,11151,,,2021-05-13,5,ON_CALL
1672200,11151,2021-05-13 14:14:00,2021-05-13 17:14:00,2021-05-13,3,WRK
1977006,54013,2021-05-13 14:17:00,2021-05-13 18:05:00,2021-05-13,3.8,WRK
1977006,54013,,,2021-05-13,0.8,BREAK
1977006,54013,2021-05-13 18:54:00,2021-05-13 22:17:00,2021-05-13,3.4,WRK
3974506,31288,,,2021-05-13,1,CHARGE
3974506,31288,2021-05-13 6:00:00,2021-05-13 10:46:00,2021-05-13,4.8,WRK
3974506,31288,,,2021-05-13,0.5,BREAK
3974506,31288,2021-05-13 11:18:00,2021-05-13 14:00:00,2021-05-13,2.7,WRK
4019778,54013,,,2021-05-13,3,CHARGE
4019778,54013,2021-05-13 6:00:00,2021-05-13 8:44:00,2021-05-13,2.7,WRK
4019778,54013,,,2021-05-13,0.7,BREAK
4019778,54013,2021-05-13 9:27:00,2021-05-13 14:00:00,2021-05-13,4.5,WRK
5001188,54013,,,2021-05-13,8,ABSENT
5009770,51100,,,2021-05-13,1,CHARGE
5009770,51100,2021-05-13 6:04:00,2021-05-13 8:42:00,2021-05-13,2.6,WRK
5009770,51100,,,2021-05-13,0.8,BREAK
5009770,51100,2021-05-13 9:29:00,2021-05-13 14:04:00,2021-05-13,4.6,WRK
5010831,55050,,,2021-05-13,8,ABSENT
5010836,55050,2021-05-13 6:12:00,2021-05-13 9:45:00,2021-05-13,3.6,WRK
5010836,55050,,,2021-05-13,0.6,BREAK
5010836,55050,2021-05-13 10:21:00,2021-05-13 14:12:00,2021-05-13,3.9,WRK
5011015,55050,,,2021-05-13,5,ON_CALL
5011015,55050,2021-05-13 6:13:00,2021-05-13 9:13:00,2021-05-13,3,WRK
5011060,55050,,,2021-05-13,6,ON_CALL
5011060,55050,2021-05-13 6:00:00,2021-05-13 8:00:00,2021-05-13,2,WRK
5011105,11151,,,2021-05-13,8,ABSENT
5011110,31288,,,2021-05-13,2,CHARGE
5011110,31288,2021-05-13 6:20:00,2021-05-13 11:57:00,2021-05-13,5.6,WRK
5011110,31288,,,2021-05-13,0.6,BREAK
5011110,31288,2021-05-13 12:35:00,2021-05-13 14:20:00,2021-05-13,1.8,WRK
5011147,51120,,,2021-05-13,8,ABSENT
5011401,55050,2021-05-13 14:04:00,2021-05-13 18:48:00,2021-05-13,4.7,WRK
5011401,55050,,,2021-05-13,0.6,BREAK
5011401,55050,2021-05-13 19:25:00,2021-05-13 22:04:00,2021-05-13,2.6,WRK
5011499,31288,,,2021-05-13,8,ABSENT
5011633,53410,,,2021-05-13,5,ON_CALL
5011633,53410,2021-05-13 6:13:00,2021-05-13 9:13:00,2021-05-13,3,WRK
5012159,51120,,,2021-05-13,8,ABSENT
5012163,31288,,,2021-05-13,7,ON_CALL
5012163,31288,2021-05-13 6:19:00,2021-05-13 7:19:00,2021-05-13,1,WRK
5012165,31288,,,2021-05-13,8,ABSENT
5012319,31288,,,2021-05-13,8,ABSENT
5012329,18048,,,2021-05-13,7,ON_CALL
5012329,18048,2021-05-13 14:00:00,2021-05-13 15:00:00,2021-05-13,1,WRK
5014147,11151,,,2021-05-13,8,ABSENT
507800,51100,,,2021-05-13,5,ON_CALL
507800,51100,2021-05-13 6:11:00,2021-05-13 9:11:00,2021-05-13,3,WRK
1672200,11151,,,2021-05-14,8,ABSENT
1977006,54013,2021-05-14 14:15:00,2021-05-14 17:53:00,2021-05-14,3.6,WRK
1977006,54013,,,2021-05-14,0.6,BREAK
1977006,54013,2021-05-14 18:29:00,2021-05-14 22:15:00,2021-05-14,3.8,WRK
3974506,31288,,,2021-05-14,6,ON_CALL
3974506,31288,2021-05-14 14:09:00,2021-05-14 16:09:00,2021-05-14,2,WRK
4019778,54013,,,2021-05-14,1,CHARGE
4019778,54013,2021-05-14 14:11:00,2021-05-14 19:57:00,2021-05-14,5.8,WRK
4019778,54013,,,2021-05-14,0.6,BREAK
4019778,54013,2021-05-14 20:31:00,2021-05-14 22:11:00,2021-05-14,1.7,WRK
4024378,55050,,,2021-05-14,3,CHARGE
4024378,55050,2021-05-14 6:15:00,2021-05-14 12:01:00,2021-05-14,5.8,WRK
4024378,55050,,,2021-05-14,0.8,BREAK
4024378,55050,2021-05-14 12:49:00,2021-05-14 14:15:00,2021-05-14,1.4,WRK
5001188,54013,2021-05-14 6:19:00,2021-05-14 10:55:00,2021-05-14,4.6,WRK
5001188,54013,,,2021-05-14,0.9,BREAK
5001188,54013,2021-05-14 11:49:00,2021-05-14 14:19:00,2021-05-14,2.5,WRK
5001252,53410,,,2021-05-14,8,ABSENT
5005963,51120,,,2021-05-14,6,ON_CALL
5005963,51120,2021-05-14 6:14:00,2021-05-14 8:14:00,2021-05-14,2,WRK
5009770,51100,,,2021-05-14,8,ABSENT
5010823,53410,,,2021-05-14,5,ON_CALL
5010823,53410,2021-05-14 6:02:00,2021-05-14 9:02:00,2021-05-14,3,WRK
5010831,55050,,,2021-05-14,8,ABSENT
5010836,55050,,,2021-05-14,5,ON_CALL
5010836,55050,2021-05-14 14:08:00,2021-05-14 17:08:00,2021-05-14,3,WRK
5011018,51100,,,2021-05-14,8,ABSENT
5011060,55050,,,2021-05-14,7,ON_CALL
5011060,55050,2021-05-14 14:08:00,2021-05-14 15:08:00,2021-05-14,1,WRK
5011105,11151,,,2021-05-14,2,CHARGE
5011105,11151,2021-05-14 6:10:00,2021-05-14 8:54:00,2021-05-14,2.7,WRK
5011105,11151,,,2021-05-14,0.8,BREAK
5011105,11151,2021-05-14 9:40:00,2021-05-14 14:10:00,2021-05-14,4.5,WRK
5011110,31288,,,2021-05-14,3,CHARGE
5011110,31288,2021-05-14 14:16:00,2021-05-14 16:56:00,2021-05-14,2.7,WRK
5011110,31288,,,2021-05-14,0.8,BREAK
5011110,31288,2021-05-14 17:44:00,2021-05-14 22:16:00,2021-05-14,4.5,WRK
5011147,51120,,,2021-05-14,6,ON_CALL
5011147,51120,2021-05-14 6:16:00,2021-05-14 8:16:00,2021-05-14,2,WRK
5011401,55050,,,2021-05-14,8,ABSENT
5011633,53410,,,2021-05-14,6,ON_CALL
5011633,53410,2021-05-14 6:12:00,2021-05-14 8:12:00,2021-05-14,2,WRK
5012163,31288,,,2021-05-14,8,ON_CALL
5012165,31288,2021-05-14 14:08:00,2021-05-14 19:51:00,2021-05-14,5.7,WRK
5012165,31288,,,2021-05-14,0.7,BREAK
5012165,31288,2021-05-14 20:35:00,2021-05-14 22:08:00,2021-05-14,1.6,WRK
5012319,31288,,,2021-05-14,8,ABSENT
5012329,18048,,,2021-05-14,7,ON_CALL
5012329,18048,2021-05-14 6:08:00,2021-05-14 7:08:00,2021-05-14,1,WRK
507800,51100,,,2021-05-14,8,ABSENT
1672200,11151,2021-05-15 6:02:00,2021-05-15 10:51:00,2021-05-15,4.8,WRK
1672200,11151,,,2021-05-15,0.7,BREAK
1672200,11151,2021-05-15 11:34:00,2021-05-15 14:02:00,2021-05-15,2.5,WRK
1977006,54013,,,2021-05-15,8,ABSENT
3974506,31288,,,2021-05-15,8,ABSENT
4019778,54013,,,2021-05-15,8,ABSENT
4024378,55050,,,2021-05-15,8,ABSENT
5001252,53410,,,2021-05-15,8,ABSENT
5005963,51120,,,2021-05-15,8,ABSENT
5009770,51100,,,2021-05-15,8,ABSENT
5010823,53410,,,2021-05-15,8,ABSENT
5010831,55050,,,2021-05-15,8,ABSENT
5011015,55050,,,2021-05-15,8,ABSENT
5011018,51100,,,2021-05-15,7,ON_CALL
5011018,51100,2021-05-15 6:17:00,2021-05-15 7:17:00,2021-05-15,1,WRK
5011060,55050,,,2021-05-15,8,ABSENT
5011105,11151,,,2021-05-15,8,ABSENT
5011147,51120,,,2021-05-15,8,ABSENT
5011401,55050,,,2021-05-15,8,ABSENT
5011499,31288,,,2021-05-15,6,ON_CALL
5011499,31288,2021-05-15 6:20:00,2021-05-15 8:20:00,2021-05-15,2,WRK
5011633,53410,,,2021-05-15,5,ON_CALL
5011633,53410,2021-05-15 6:16:00,2021-05-15 9:16:00,2021-05-15,3,WRK
5012163,31288,2021-05-15 14:09:00,2021-05-15 16:44:00,2021-05-15,2.6,WRK
5012163,31288,,,2021-05-15,0.7,BREAK
5012163,31288,2021-05-15 17:25:00,2021-05-15 22:09:00,2021-05-15,4.7,WRK
5012165,31288,,,2021-05-15,6,ON_CALL
5012165,31288,2021-05-15 6:10:00,2021-05-15 8:10:00,2021-05-15,2,WRK
5012319,31288,,,2021-05-15,2,CHARGE
5012319,31288,2021-05-15 6:20:00,2021-05-15 10:06:00,2021-05-15,3.8,WRK
5012319,31288,,,2021-05-15,0.5,BREAK
5012319,31288,2021-05-15 10:38:00,2021-05-15 14:20:00,2021-05-15,3.7,WRK
5012329,18048,,,2021-05-15,1,CHARGE
5012329,18048,2021-05-15 14:18:00,2021-05-15 17:00:00,2021-05-15,2.7,WRK
5012329,18048,,,2021-05-15,0.8,BREAK
5012329,18048,2021-05-15 17:46:00,2021-05-15 22:18:00,2021-05-15,4.5,WRK
5014147,11151,2021-05-15 14:07:00,2021-05-15 16:44:00,2021-05-15,2.6,WRK
5014147,11151,,,2021-05-15,0.7,BREAK
5014147,11151,2021-05-15 17:25:00,2021-05-15 22:07:00,2021-05-15,4.7,WRK
507800,51100,,,2021-05-15,8,ABSENT
1377208,53410,,,2021-05-16,8,ABSENT
1672200,11151,,,2021-05-16,8,ABSENT
1977006,54013,,,2021-05-16,8,ABSENT
3974506,31288,,,2021-05-16,8,ABSENT
4019778,54013,2021-05-16 14:15:00,2021-05-16 19:49:00,2021-05-16,5.6,WRK
4019778,54013,,,2021-05-16,0.7,BREAK
4019778,54013,2021-05-16 20:31:00,2021-05-16 22:15:00,2021-05-16,1.7,WRK
4024378,55050,,,2021-05-16,3,CHARGE
4024378,55050,2021-05-16 6:12:00,2021-05-16 8:46:00,2021-05-16,2.6,WRK
4024378,55050,,,2021-05-16,0.6,BREAK
4024378,55050,2021-05-16 9:23:00,2021-05-16 14:12:00,2021-05-16,4.8,WRK
5001188,54013,,,2021-05-16,8,ABSENT
5001252,53410,,,2021-05-16,8,ABSENT
5005963,51120,,,2021-05-16,8,ABSENT
5009770,51100,,,2021-05-16,6,ON_CALL
5009770,51100,2021-05-16 6:03:00,2021-05-16 8:03:00,2021-05-16,2,WRK
5010823,53410,,,2021-05-16,8,ON_CALL
5010831,55050,,,2021-05-16,8,ABSENT
5010836,55050,,,2021-05-16,8,ABSENT
5011015,55050,,,2021-05-16,3,CHARGE
5011015,55050,2021-05-16 14:12:00,2021-05-16 17:51:00,2021-05-16,3.7,WRK
5011015,55050,,,2021-05-16,0.8,BREAK
5011015,55050,2021-05-16 18:36:00,2021-05-16 22:12:00,2021-05-16,3.6,WRK
5011018,51100,,,2021-05-16,1,CHARGE
5011018,51100,2021-05-16 6:16:00,2021-05-16 11:58:00,2021-05-16,5.7,WRK
5011018,51100,,,2021-05-16,0.9,BREAK
5011018,51100,2021-05-16 12:55:00,2021-05-16 14:16:00,2021-05-16,1.4,WRK
5011105,11151,,,2021-05-16,1,CHARGE
5011105,11151,2021-05-16 14:05:00,2021-05-16 19:55:00,2021-05-16,5.8,WRK
5011105,11151,,,2021-05-16,0.6,BREAK
5011105,11151,2021-05-16 20:32:00,2021-05-16 22:05:00,2021-05-16,1.6,WRK
5011110,31288,,,2021-05-16,8,ABSENT
5011147,51120,,,2021-05-16,1,CHARGE
5011147,51120,2021-05-16 6:17:00,2021-05-16 9:54:00,2021-05-16,3.6,WRK
5011147,51120,,,2021-05-16,0.6,BREAK
5011147,51120,2021-05-16 10:30:00,2021-05-16 14:17:00,2021-05-16,3.8,WRK
5011401,55050,,,2021-05-16,8,ABSENT
5011499,31288,,,2021-05-16,7,ON_CALL
5011499,31288,2021-05-16 6:12:00,2021-05-16 7:12:00,2021-05-16,1,WRK
5012163,31288,2021-05-16 14:19:00,2021-05-16 18:50:00,2021-05-16,4.5,WRK
5012163,31288,,,2021-05-16,0.6,BREAK
5012163,31288,2021-05-16 19:28:00,2021-05-16 22:19:00,2021-05-16,2.9,WRK
5012319,31288,,,2021-05-16,1,CHARGE
5012319,31288,2021-05-16 6:01:00,2021-05-16 10:47:00,2021-05-16,4.8,WRK
5012319,31288,,,2021-05-16,0.7,BREAK
5012319,31288,2021-05-16 11:26:00,2021-05-16 14:01:00,2021-05-16,2.6,WRK
5012329,18048,,,2021-05-16,8,ABSENT
5014147,11151,,,2021-05-16,8,ABSENT
1377208,53410,,,2021-05-17,2,CHARGE
1377208,53410,2021-05-17 6:04:00,2021-05-17 11:52:00,2021-05-17,5.8,WRK
1377208,53410,,,2021-05-17,0.7,BREAK
1377208,53410,2021-05-17 12:32:00,2021-05-17 14:04:00,2021-05-17,1.5,WRK
1672200,11151,,,2021-05-17,1,CHARGE
1672200,11151,2021-05-17 14:05:00,2021-05-17 16:41:00,2021-05-17,2.6,WRK
1672200,11151,,,2021-05-17,0.6,BREAK
1672200,11151,2021-05-17 17:17:00,2021-05-17 22:05:00,2021-05-17,4.8,WRK
1977006,54013,,,2021-05-17,1,CHARGE
1977006,54013,2021-05-17 14:17:00,2021-05-17 19:50:00,2021-05-17,5.6,WRK
1977006,54013,,,2021-05-17,0.7,BREAK
1977006,54013,2021-05-17 20:34:00,2021-05-17 22:17:00,2021-05-17,1.7,WRK
3974506,31288,2021-05-17 14:12:00,2021-05-17 18:52:00,2021-05-17,4.7,WRK
3974506,31288,,,2021-05-17,0.8,BREAK
3974506,31288,2021-05-17 19:38:00,2021-05-17 22:12:00,2021-05-17,2.6,WRK
4019778,54013,,,2021-05-17,8,ABSENT
5001252,53410,,,2021-05-17,1,CHARGE
5001252,53410,2021-05-17 14:09:00,2021-05-17 17:52:00,2021-05-17,3.7,WRK
5001252,53410,,,2021-05-17,0.9,BREAK
5001252,53410,2021-05-17 18:44:00,2021-05-17 22:09:00,2021-05-17,3.4,WRK
5009770,51100,,,2021-05-17,2,CHARGE
5009770,51100,2021-05-17 14:15:00,2021-05-17 19:58:00,2021-05-17,5.7,WRK
5009770,51100,,,2021-05-17,0.6,BREAK
5009770,51100,2021-05-17 20:32:00,2021-05-17 22:15:00,2021-05-17,1.7,WRK
5010823,53410,,,2021-05-17,8,ABSENT
5010831,55050,2021-05-17 14:10:00,2021-05-17 17:57:00,2021-05-17,3.8,WRK
5010831,55050,,,2021-05-17,0.6,BREAK
5010831,55050,2021-05-17 18:33:00,2021-05-17 22:10:00,2021-05-17,3.6,WRK
5010836,55050,,,2021-05-17,7,ON_CALL
5010836,55050,2021-05-17 6:10:00,2021-05-17 7:10:00,2021-05-17,1,WRK
5011015,55050,,,2021-05-17,1,CHARGE
5011015,55050,2021-05-17 6:01:00,2021-05-17 11:36:00,2021-05-17,5.6,WRK
5011015,55050,,,2021-05-17,0.5,BREAK
5011015,55050,2021-05-17 12:08:00,2021-05-17 14:01:00,2021-05-17,1.9,WRK
5011018,51100,,,2021-05-17,5,ON_CALL
5011018,51100,2021-05-17 6:05:00,2021-05-17 9:05:00,2021-05-17,3,WRK
5011060,55050,,,2021-05-17,5,ON_CALL
5011060,55050,2021-05-17 14:05:00,2021-05-17 17:05:00,2021-05-17,3,WRK
5011110,31288,2021-05-17 14:17:00,2021-05-17 16:49:00,2021-05-17,2.5,WRK
5011110,31288,,,2021-05-17,0.6,BREAK
5011110,31288,2021-05-17 17:26:00,2021-05-17 22:17:00,2021-05-17,4.8,WRK
5011147,51120,,,2021-05-17,8,ABSENT
5011499,31288,,,2021-05-17,8,ABSENT
5011633,53410,,,2021-05-17,8,ABSENT
5012159,51120,,,2021-05-17,8,ON_CALL
5012163,31288,2021-05-17 6:02:00,2021-05-17 10:32:00,2021-05-17,4.5,WRK
5012163,31288,,,2021-05-17,0.6,BREAK
5012163,31288,2021-05-17 11:08:00,2021-05-17 14:02:00,2021-05-17,2.9,WRK
5012165,31288,,,2021-05-17,6,ON_CALL
5012165,31288,2021-05-17 6:08:00,2021-05-17 8:08:00,2021-05-17,2,WRK
5012319,31288,,,2021-05-17,2,CHARGE
5012319,31288,2021-05-17 14:07:00,2021-05-17 16:44:00,2021-05-17,2.6,WRK
5012319,31288,,,2021-05-17,0.9,BREAK
5012319,31288,2021-05-17 17:37:00,2021-05-17 22:07:00,2021-05-17,4.5,WRK
5012329,18048,2021-05-17 6:06:00,2021-05-17 8:40:00,2021-05-17,2.6,WRK
5012329,18048,,,2021-05-17,0.5,BREAK
5012329,18048,2021-05-17 9:10:00,2021-05-17 14:06:00,2021-05-17,4.9,WRK
5014147,11151,,,2021-05-17,3,CHARGE
5014147,11151,2021-05-17 14:04:00,2021-05-17 18:53:00,2021-05-17,4.8,WRK
5014147,11151,,,2021-05-17,0.7,BREAK
5014147,11151,2021-05-17 19:35:00,2021-05-17 22:04:00,2021-05-17,2.5,WRK
507800,51100,,,2021-05-17,8,ABSENT
1377208,53410,,,2021-05-18,6,ON_CALL
1377208,53410,2021-05-18 6:18:00,2021-05-18 8:18:00,2021-05-18,2,WRK
1672200,11151,,,2021-05-18,8,ABSENT
1977006,54013,,,2021-05-18,8,ABSENT
4019778,54013,,,2021-05-18,5,ON_CALL
4019778,54013,2021-05-18 14:12:00,2021-05-18 17:12:00,2021-05-18,3,WRK
4024378,55050,,,2021-05-18,2,CHARGE
4024378,55050,2021-05-18 14:13:00,2021-05-18 16:55:00,2021-05-18,2.7,WRK
4024378,55050,,,2021-05-18,0.8,BREAK
4024378,55050,2021-05-18 17:45:00,2021-05-18 22:13:00,2021-05-18,4.5,WRK
5005963,51120,,,2021-05-18,5,ON_CALL
5005963,51120,2021-05-18 14:19:00,2021-05-18 17:19:00,2021-05-18,3,WRK
5009770,51100,,,2021-05-18,6,ON_CALL
5009770,51100,2021-05-18 14:16:00,2021-05-18 16:16:00,2021-05-18,2,WRK
5010823,53410,,,2021-05-18,8,ON_CALL
5010831,55050,2021-05-18 6:07:00,2021-05-18 9:52:00,2021-05-18,3.8,WRK
5010831,55050,,,2021-05-18,1,BREAK
5010831,55050,2021-05-18 10:50:00,2021-05-18 14:07:00,2021-05-18,3.3,WRK
5010836,55050,2021-05-18 14:16:00,2021-05-18 18:48:00,2021-05-18,4.5,WRK
5010836,55050,,,2021-05-18,0.6,BREAK
5010836,55050,2021-05-18 19:21:00,2021-05-18 22:16:00,2021-05-18,2.9,WRK
5011015,55050,,,2021-05-18,8,ABSENT
5011018,51100,2021-05-18 14:13:00,2021-05-18 19:00:00,2021-05-18,4.8,WRK
5011018,51100,,,2021-05-18,0.8,BREAK
5011018,51100,2021-05-18 19:50:00,2021-05-18 22:13:00,2021-05-18,2.4,WRK
5011060,55050,,,2021-05-18,6,ON_CALL
5011060,55050,2021-05-18 6:03:00,2021-05-18 8:03:00,2021-05-18,2,WRK
5011105,11151,2021-05-18 14:20:00,2021-05-18 18:04:00,2021-05-18,3.7,WRK
5011105,11151,,,2021-05-18,0.9,BREAK
5011105,11151,2021-05-18 18:59:00,2021-05-18 22:20:00,2021-05-18,3.4,WRK
5011110,31288,,,2021-05-18,8,ABSENT
5011147,51120,,,2021-05-18,8,ABSENT
5011401,55050,,,2021-05-18,6,ON_CALL
5011401,55050,2021-05-18 14:15:00,2021-05-18 16:15:00,2021-05-18,2,WRK
5011499,31288,2021-05-18 6:09:00,2021-05-18 10:58:00,2021-05-18,4.8,WRK
5011499,31288,,,2021-05-18,1,BREAK
5011499,31288,2021-05-18 11:57:00,2021-05-18 14:09:00,2021-05-18,2.2,WRK
5011633,53410,2021-05-18 6:00:00,2021-05-18 8:44:00,2021-05-18,2.7,WRK
5011633,53410,,,2021-05-18,0.6,BREAK
5011633,53410,2021-05-18 9:20:00,2021-05-18 14:00:00,2021-05-18,4.7,WRK
5012163,31288,,,2021-05-18,8,ABSENT
5012165,31288,,,2021-05-18,3,CHARGE
5012165,31288,2021-05-18 6:19:00,2021-05-18 11:53:00,2021-05-18,5.6,WRK
5012165,31288,,,2021-05-18,0.5,BREAK
5012165,31288,2021-05-18 12:23:00,2021-05-18 14:19:00,2021-05-18,1.9,WRK
5012319,31288,2021-05-18 6:11:00,2021-05-18 10:53:00,2021-05-18,4.7,WRK
5012319,31288,,,2021-05-18,0.8,BREAK
5012319,31288,2021-05-18 11:39:00,2021-05-18 14:11:00,2021-05-18,2.5,WRK
5012329,18048,2021-05-18 6:16:00,2021-05-18 11:55:00,2021-05-18,5.7,WRK
5012329,18048,,,2021-05-18,0.9,BREAK
5012329,18048,2021-05-18 12:50:00,2021-05-18 14:16:00,2021-05-18,1.4,WRK
507800,51100,,,2021-05-18,6,ON_CALL
507800,51100,2021-05-18 14:10:00,2021-05-18 16:10:00,2021-05-18,2,WRK
1377208,53410,2021-05-19 14:18:00,2021-05-19 19:00:00,2021-05-19,4.7,WRK
1377208,53410,,,2021-05-19,0.9,BREAK
1377208,53410,2021-05-19 19:52:00,2021-05-19 22:18:00,2021-05-19,2.4,WRK
1672200,11151,,,2021-05-19,8,ON_CALL
3974506,31288,,,2021-05-19,8,ABSENT
4019778,54013,,,2021-05-19,3,CHARGE
4019778,54013,2021-05-19 6:20:00,2021-05-19 10:07:00,2021-05-19,3.8,WRK
4019778,54013,,,2021-05-19,1,BREAK
4019778,54013,2021-05-19 11:06:00,2021-05-19 14:20:00,2021-05-19,3.2,WRK
4024378,55050,,,2021-05-19,8,ABSENT
5001252,53410,,,2021-05-19,8,ABSENT
5009770,51100,2021-05-19 6:15:00,2021-05-19 11:02:00,2021-05-19,4.8,WRK
5009770,51100,,,2021-05-19,0.7,BREAK
5009770,51100,2021-05-19 11:45:00,2021-05-19 14:15:00,2021-05-19,2.5,WRK
5010831,55050,2021-05-19 6:07:00,2021-05-19 11:52:00,2021-05-19,5.8,WRK
5010831,55050,,,2021-05-19,0.8,BREAK
5010831,55050,2021-05-19 12:43:00,2021-05-19 14:07:00,2021-05-19,1.4,WRK
5010836,55050,2021-05-19 14:02:00,2021-05-19 16:37:00,2021-05-19,2.6,WRK
5010836,55050,,,2021-05-19,0.6,BREAK
5010836,55050,2021-05-19 17:15:00,2021-05-19 22:02:00,2021-05-19,4.8,WRK
5011015,55050,,,2021-05-19,1,CHARGE
5011015,55050,2021-05-19 14:02:00,2021-05-19 17:52:00,2021-05-19,3.8,WRK
5011015,55050,,,2021-05-19,0.7,BREAK
5011015,55050,2021-05-19 18:34:00,2021-05-19 22:02:00,2021-05-19,3.5,WRK
5011018,51100,,,2021-05-19,8,ABSENT
5011060,55050,,,2021-05-19,8,ABSENT
5011105,11151,,,2021-05-19,3,CHARGE
5011105,11151,2021-05-19 14:18:00,2021-05-19 19:56:00,2021-05-19,5.6,WRK
5011105,11151,,,2021-05-19,0.7,BREAK
5011105,11151,2021-05-19 20:39:00,2021-05-19 22:18:00,2021-05-19,1.6,WRK
5011110,31288,,,2021-05-19,5,ON_CALL
5011110,31288,2021-05-19 14:11:00,2021-05-19 17:11:00,2021-05-19,3,WRK
5011147,51120,,,2021-05-19,7,ON_CALL
5011147,51120,2021-05-19 6:14:00,2021-05-19 7:14:00,2021-05-19,1,WRK
5011499,31288,,,2021-05-19,1,CHARGE
5011499,31288,2021-05-19 6:06:00,2021-05-19 11:52:00,2021-05-19,5.8,WRK
5011499,31288,,,2021-05-19,0.6,BREAK
5011499,31288,2021-05-19 12:28:00,2021-05-19 14:06:00,2021-05-19,1.6,WRK
5011633,53410,,,2021-05-19,5,ON_CALL
5011633,53410,2021-05-19 14:17:00,2021-05-19 17:17:00,2021-05-19,3,WRK
5012159,51120,2021-05-19 6:00:00,2021-05-19 8:45:00,2021-05-19,2.8,WRK
5012159,51120,,,2021-05-19,0.5,BREAK
5012159,51120,2021-05-19 9:17:00,2021-05-19 14:00:00,2021-05-19,4.7,WRK
5012163,31288,,,2021-05-19,1,CHARGE
5012163,31288,2021-05-19 6:03:00,2021-05-19 11:39:00,2021-05-19,5.6,WRK
5012163,31288,,,2021-05-19,0.9,BREAK
5012163,31288,2021-05-19 12:34:00,2021-05-19 14:03:00,2021-05-19,1.5,WRK
5012165,31288,,,2021-05-19,8,ON_CALL
5012319,31288,2021-05-19 6:14:00,2021-05-19 11:45:00,2021-05-19,5.5,WRK
5012319,31288,,,2021-05-19,0.6,BREAK
5012319,31288,2021-05-19 12:21:00,2021-05-19 14:14:00,2021-05-19,1.9,WRK
5012329,18048,,,2021-05-19,8,ABSENT
5014147,11151,,,2021-05-19,5,ON_CALL
5014147,11151,2021-05-19 6:04:00,2021-05-19 9:04:00,2021-05-19,3,WRK
507800,51100,,,2021-05-19,7,ON_CALL
507800,51100,2021-05-19 14:20:00,2021-05-19 15:20:00,2021-05-19,1,WRK
1377208,53410,2021-05-20 14:00:00,2021-05-20 17:43:00,2021-05-20,3.7,WRK
1377208,53410,,,2021-05-20,0.8,BREAK
1377208,53410,2021-05-20 18:34:00,2021-05-20 22:00:00,2021-05-20,3.4,WRK
1672200,11151,,,2021-05-20,8,ABSENT
1977006,54013,,,2021-05-20,6,ON_CALL
1977006,54013,2021-05-20 6:09:00,2021-05-20 8:09:00,2021-05-20,2,WRK
3974506,31288,,,2021-05-20,5,ON_CALL
3974506,31288,2021-05-20 6:08:00,2021-05-20 9:08:00,2021-05-20,3,WRK
4019778,54013,,,2021-05-20,5,ON_CALL
4019778,54013,2021-05-20 6:20:00,2021-05-20 9:20:00,2021-05-20,3,WRK
4024378,55050,,,2021-05-20,5,ON_CALL
4024378,55050,2021-05-20 6:02:00,2021-05-20 9:02:00,2021-05-20,3,WRK
5001188,54013,,,2021-05-20,5,ON_CALL
5001188,54013,2021-05-20 14:10:00,2021-05-20 17:10:00,2021-05-20,3,WRK
5001252,53410,,,2021-05-20,8,ABSENT
5005963,51120,2021-05-20 14:02:00,2021-05-20 19:48:00,2021-05-20,5.8,WRK
5005963,51120,,,2021-05-20,0.8,BREAK
5005963,51120,2021-05-20 20:36:00,2021-05-20 22:02:00,2021-05-20,1.4,WRK
5010823,53410,,,2021-05-20,6,ON_CALL
5010823,53410,2021-05-20 6:13:00,2021-05-20 8:13:00,2021-05-20,2,WRK
5010831,55050,2021-05-20 14:00:00,2021-05-20 16:30:00,2021-05-20,2.5,WRK
5010831,55050,,,2021-05-20,0.9,BREAK
5010831,55050,2021-05-20 17:24:00,2021-05-20 22:00:00,2021-05-20,4.6,WRK
5010836,55050,2021-05-20 14:19:00,2021-05-20 20:00:00,2021-05-20,5.7,WRK
5010836,55050,,,2021-05-20,0.6,BREAK
5010836,55050,2021-05-20 20:37:00,2021-05-20 22:19:00,2021-05-20,1.7,WRK
5011015,55050,,,2021-05-20,8,ABSENT
5011060,55050,,,2021-05-20,2,CHARGE
5011060,55050,2021-05-20 6:10:00,2021-05-20 8:56:00,2021-05-20,2.8,WRK
5011060,55050,,,2021-05-20,0.7,BREAK
5011060,55050,2021-05-20 9:35:00,2021-05-20 14:10:00,2021-05-20,4.6,WRK
5011105,11151,,,2021-05-20,8,ABSENT
5011110,31288,,,2021-05-20,6,ON_CALL
5011110,31288,2021-05-20 14:04:00,2021-05-20 16:04:00,2021-05-20,2,WRK
5011147,51120,,,2021-05-20,8,ABSENT
5011499,31288,,,2021-05-20,2,CHARGE
5011499,31288,2021-05-20 14:15:00,2021-05-20 17:54:00,2021-05-20,3.7,WRK
5011499,31288,,,2021-05-20,0.8,BREAK
5011499,31288,2021-05-20 18:40:00,2021-05-20 22:15:00,2021-05-20,3.6,WRK
5011633,53410,,,2021-05-20,5,ON_CALL
5011633,53410,2021-05-20 6:11:00,2021-05-20 9:11:00,2021-05-20,3,WRK
5012159,51120,,,2021-05-20,6,ON_CALL
5012159,51120,2021-05-20 14:12:00,2021-05-20 16:12:00,2021-05-20,2,WRK
5012165,31288,,,2021-05-20,2,CHARGE
5012165,31288,2021-05-20 6:00:00,2021-05-20 9:40:00,2021-05-20,3.7,WRK
5012165,31288,,,2021-05-20,0.6,BREAK
5012165,31288,2021-05-20 10:18:00,2021-05-20 14:00:00,2021-05-20,3.7,WRK
5012319,31288,,,2021-05-20,8,ON_CALL
5012329,18048,,,2021-05-20,8,ABSENT
5014147,11151,,,2021-05-20,8,ON_CALL
1377208,53410,2021-05-21 14:14:00,2021-05-21 16:54:00,2021-05-21,2.7,WRK
1377208,53410,,,2021-05-21,0.8,BREAK
1377208,53410,2021-05-21 17:39:00,2021-05-21 22:14:00,2021-05-21,4.6,WRK
1672200,11151,,,2021-05-21,8,ABSENT
1977006,54013,,,2021-05-21,5,ON_CALL
1977006,54013,2021-05-21 14:19:00,2021-05-21 17:19:00,2021-05-21,3,WRK
4019778,54013,,,2021-05-21,5,ON_CALL
4019778,54013,2021-05-21 14:02:00,2021-05-21 17:02:00,2021-05-21,3,WRK
4024378,55050,,,2021-05-21,5,ON_CALL
4024378,55050,2021-05-21 14:17:00,2021-05-21 17:17:00,2021-05-21,3,WRK
5001188,54013,2021-05-21 6:12:00,2021-05-21 9:55:00,2021-05-21,3.7,WRK
5001188,54013,,,2021-05-21,0.7,BREAK
5001188,54013,2021-05-21 10:36:00,2021-05-21 14:12:00,2021-05-21,3.6,WRK
5001252,53410,,,2021-05-21,5,ON_CALL
5001252,53410,2021-05-21 6:01:00,2021-05-21 9:01:00,2021-05-21,3,WRK
5005963,51120,2021-05-21 14:01:00,2021-05-21 16:42:00,2021-05-21,2.7,WRK
5005963,51120,,,2021-05-21,0.5,BREAK
5005963,51120,2021-05-21 17:14:00,2021-05-21 22:01:00,2021-05-21,4.8,WRK
5009770,51100,2021-05-21 6:07:00,2021-05-21 11:48:00,2021-05-21,5.7,WRK
5009770,51100,,,2021-05-21,0.8,BREAK
5009770,51100,2021-05-21 12:37:00,2021-05-21 14:07:00,2021-05-21,1.5,WRK
5010823,53410,,,2021-05-21,6,ON_CALL
5010823,53410,2021-05-21 14:00:00,2021-05-21 16:00:00,2021-05-21,2,WRK
5010836,55050,,,2021-05-21,2,CHARGE
5010836,55050,2021-05-21 14:11:00,2021-05-21 18:54:00,2021-05-21,4.7,WRK
5010836,55050,,,2021-05-21,0.9,BREAK
5010836,55050,2021-05-21 19:51:00,2021-05-21 22:11:00,2021-05-21,2.3,WRK
5011018,51100,2021-05-21 14:12:00,2021-05-21 19:50:00,2021-05-21,5.6,WRK
5011018,51100,,,2021-05-21,0.5,BREAK
5011018,51100,2021-05-21 20:22:00,2021-05-21 22:12:00,2021-05-21,1.8,WRK
5011060,55050,,,2021-05-21,7,ON_CALL
5011060,55050,2021-05-21 14:13:00,2021-05-21 15:13:00,2021-05-21,1,WRK
5011105,11151,,,2021-05-21,8,ABSENT
5011110,31288,,,2021-05-21,1,CHARGE
5011110,31288,2021-05-21 6:06:00,2021-05-21 10:42:00,2021-05-21,4.6,WRK
5011110,31288,,,2021-05-21,0.8,BREAK
5011110,31288,2021-05-21 11:32:00,2021-05-21 14:06:00,2021-05-21,2.6,WRK
5011147,51120,,,2021-05-21,7,ON_CALL
5011147,51120,2021-05-21 14:00:00,2021-05-21 15:00:00,2021-05-21,1,WRK
5011401,55050,,,2021-05-21,7,ON_CALL
5011401,55050,2021-05-21 6:02:00,2021-05-21 7:02:00,2021-05-21,1,WRK
5011499,31288,2021-05-21 14:13:00,2021-05-21 19:50:00,2021-05-21,5.6,WRK
5011499,31288,,,2021-05-21,0.5,BREAK
5011499,31288,2021-05-21 20:21:00,2021-05-21 22:13:00,2021-05-21,1.9,WRK
5012159,51120,,,2021-05-21,6,ON_CALL
5012159,51120,2021-05-21 14:03:00,2021-05-21 16:03:00,2021-05-21,2,WRK
5012163,31288,,,2021-05-21,8,ON_CALL
5012165,31288,,,2021-05-21,8,ABSENT
5012329,18048,,,2021-05-21,7,ON_CALL
5012329,18048,2021-05-21 6:18:00,2021-05-21 7:18:00,2021-05-21,1,WRK
5014147,11151,,,2021-05-21,8,ABSENT
507800,51100,2021-05-21 6:06:00,2021-05-21 11:50:00,2021-05-21,5.7,WRK
507800,51100,,,2021-05-21,0.6,BREAK
507800,51100,2021-05-21 12:25:00,2021-05-21 14:06:00,2021-05-21,1.7,WRK
1377208,53410,2021-05-22 6:13:00,2021-05-22 9:51:00,2021-05-22,3.6,WRK
1377208,53410,,,2021-05-22,0.7,BREAK
1377208,53410,2021-05-22 10:33:00,2021-05-22 14:13:00,2021-05-22,3.7,WRK
1672200,11151,2021-05-22 6:04:00,2021-05-22 9:51:00,2021-05-22,3.8,WRK
1672200,11151,,,2021-05-22,1,BREAK
1672200,11151,2021-05-22 10:50:00,2021-05-22 14:04:00,2021-05-22,3.2,WRK
3974506,31288,,,2021-05-22,6,ON_CALL
3974506,31288,2021-05-22 14:12:00,2021-05-22 16:12:00,2021-05-22,2,WRK
4019778,54013,,,2021-05-22,8,ABSENT
4024378,55050,,,2021-05-22,2,CHARGE
4024378,55050,2021-05-22 14:09:00,2021-05-22 18:48:00,2021-05-22,4.7,WRK
4024378,55050,,,2021-05-22,0.8,BREAK
4024378,55050,2021-05-22 19:39:00,2021-05-22 22:09:00,2021-05-22,2.5,WRK
5001188,54013,,,2021-05-22,8,ON_CALL
5001252,53410,,,2021-05-22,8,ABSENT
5005963,51120,,,2021-05-22,8,ABSENT
5009770,51100,,,2021-05-22,8,ABSENT
5010823,53410,,,2021-05-22,8,ABSENT
5010836,55050,,,2021-05-22,8,ABSENT
5011015,55050,,,2021-05-22,1,CHARGE
5011015,55050,2021-05-22 14:07:00,2021-05-22 19:38:00,2021-05-22,5.5,WRK
5011015,55050,,,2021-05-22,0.6,BREAK
5011015,55050,2021-05-22 20:16:00,2021-05-22 22:07:00,2021-05-22,1.9,WRK
5011018,51100,,,2021-05-22,8,ABSENT
5011060,55050,,,2021-05-22,8,ABSENT
5011110,31288,,,2021-05-22,8,ABSENT
5011147,51120,,,2021-05-22,8,ABSENT
5011401,55050,,,2021-05-22,8,ABSENT
5011499,31288,2021-05-22 14:05:00,2021-05-22 17:46:00,2021-05-22,3.7,WRK
5011499,31288,,,2021-05-22,0.6,BREAK
5011499,31288,2021-05-22 18:20:00,2021-05-22 22:05:00,2021-05-22,3.8,WRK
5012159,51120,,,2021-05-22,8,ABSENT
5012163,31288,,,2021-05-22,8,ABSENT
5012165,31288,2021-05-22 6:10:00,2021-05-22 8:47:00,2021-05-22,2.6,WRK
5012165,31288,,,2021-05-22,0.5,BREAK
5012165,31288,2021-05-22 9:18:00,2021-05-22 14:10:00,2021-05-22,4.9,WRK
5012329,18048,,,2021-05-22,8,ABSENT
5014147,11151,2021-05-22 14:15:00,2021-05-22 16:50:00,2021-05-22,2.6,WRK
5014147,11151,,,2021-05-22,0.7,BREAK
5014147,11151,2021-05-22 17:32:00,2021-05-22 22:15:00,2021-05-22,4.7,WRK
507800,51100,,,2021-05-22,8,ABSENT